<?xml version="1.0" encoding="utf-8"?>
<COLLADA xmlns="http://www.collada.org/2005/11/COLLADASchema" version="1.4.1" xmlns:xsi="http://www.w3.org/2001/XMLSchema-instance">
  <asset>
    <contributor>
      <author>Blender User</author>
      <authoring_tool>Blender 4.5.11 LTS commit date:2026-06-22, commit time:11:08, hash:4db51e9d1e1e</authoring_tool>
    </contributor>
    <created>2026-07-29T11:27:57</created>
    <modified>2026-07-29T11:27:57</modified>
    <unit name="meter" meter="1"/>
    <up_axis>Z_UP</up_axis>
  </asset>
  <library_effects>
    <effect id="Lights-effect">
      <profile_COMMON>
        <technique sid="common">
          <lambert>
            <emission>
              <color sid="emission">0 0 0 1</color>
            </emission>
            <diffuse>
              <color sid="diffuse">1 1 1 1</color>
            </diffuse>
            <reflectivity>
              <float sid="specular">0.5</float>
            </reflectivity>
          </lambert>
        </technique>
      </profile_COMMON>
    </effect>
    <effect id="Body-effect">
      <profile_COMMON>
        <technique sid="common">
          <lambert>
            <emission>
              <color sid="emission">0 0 0 1</color>
            </emission>
            <diffuse>
              <color sid="diffuse">1 0 0 1</color>
            </diffuse>
            <reflectivity>
              <float sid="specular">0.5</float>
            </reflectivity>
          </lambert>
        </technique>
      </profile_COMMON>
    </effect>
    <effect id="Black-effect">
      <profile_COMMON>
        <technique sid="common">
          <lambert>
            <emission>
              <color sid="emission">0 0 0 1</color>
            </emission>
            <diffuse>
              <color sid="diffuse">0 0 0 1</color>
            </diffuse>
            <reflectivity>
              <float sid="specular">0.5</float>
            </reflectivity>
          </lambert>
        </technique>
      </profile_COMMON>
    </effect>
    <effect id="Window-effect">
      <profile_COMMON>
        <technique sid="common">
          <lambert>
            <emission>
              <color sid="emission">0 0 0 1</color>
            </emission>
            <diffuse>
              <color sid="diffuse">0 0 0 1</color>
            </diffuse>
            <reflectivity>
              <float sid="specular">0.5</float>
            </reflectivity>
          </lambert>
        </technique>
      </profile_COMMON>
    </effect>
    <effect id="Bumpers-effect">
      <profile_COMMON>
        <technique sid="common">
          <lambert>
            <emission>
              <color sid="emission">0 0 0 1</color>
            </emission>
            <diffuse>
              <color sid="diffuse">0.05858865 0.05858865 0.05858865 1</color>
            </diffuse>
            <reflectivity>
              <float sid="specular">0.5</float>
            </reflectivity>
          </lambert>
        </technique>
      </profile_COMMON>
    </effect>
    <effect id="Bottom-effect">
      <profile_COMMON>
        <technique sid="common">
          <lambert>
            <emission>
              <color sid="emission">0 0 0 1</color>
            </emission>
            <diffuse>
              <color sid="diffuse">0 0 0 1</color>
            </diffuse>
            <reflectivity>
              <float sid="specular">0.5</float>
            </reflectivity>
          </lambert>
        </technique>
      </profile_COMMON>
    </effect>
    <effect id="Tires-effect">
      <profile_COMMON>
        <technique sid="common">
          <lambert>
            <emission>
              <color sid="emission">0 0 0 1</color>
            </emission>
            <diffuse>
              <color sid="diffuse">0 0 0 1</color>
            </diffuse>
            <reflectivity>
              <float sid="specular">0.5</float>
            </reflectivity>
          </lambert>
        </technique>
      </profile_COMMON>
    </effect>
    <effect id="Wheels-effect">
      <profile_COMMON>
        <technique sid="common">
          <lambert>
            <emission>
              <color sid="emission">0 0 0 1</color>
            </emission>
            <diffuse>
              <color sid="diffuse">0.4921419 0.4921419 0.4921419 1</color>
            </diffuse>
            <reflectivity>
              <float sid="specular">0.5</float>
            </reflectivity>
          </lambert>
        </technique>
      </profile_COMMON>
    </effect>
  </library_effects>
  <library_images/>
  <library_materials>
    <material id="Lights-material" name="Lights">
      <instance_effect url="#Lights-effect"/>
    </material>
    <material id="Body-material" name="Body">
      <instance_effect url="#Body-effect"/>
    </material>
    <material id="Black-material" name="Black">
      <instance_effect url="#Black-effect"/>
    </material>
    <material id="Window-material" name="Window">
      <instance_effect url="#Window-effect"/>
    </material>
    <material id="Bumpers-material" name="Bumpers">
      <instance_effect url="#Bumpers-effect"/>
    </material>
    <material id="Bottom-material" name="Bottom">
      <instance_effect url="#Bottom-effect"/>
    </material>
    <material id="Tires-material" name="Tires">
      <instance_effect url="#Tires-effect"/>
    </material>
    <material id="Wheels-material" name="Wheels">
      <instance_effect url="#Wheels-effect"/>
    </material>
  </library_materials>
  <library_geometries>
    <geometry id="Cube_001-mesh" name="Cube.001">
      <mesh>
        <source id="Cube_001-mesh-positions">
          <float_array id="Cube_001-mesh-positions-array" count="4695">-0.3784499 -0.355417 0.1606044 -0.2981471 -0.355417 0.1606043 -0.3784499 -0.3585031 0.1292718 -0.2981471 -0.3585031 0.1292718 -0.3784499 -0.3676424 0.0991432 -0.2981472 -0.3676424 0.0991432 -0.3784499 -0.382484 0.07137662 -0.2981472 -0.382484 0.07137662 -0.3784499 -0.4024574 0.04703897 -0.2981472 -0.4024574 0.04703897 -0.3784499 -0.4267948 0.02706563 -0.2981472 -0.4267948 0.02706557 -0.3784499 -0.4545615 0.01222401 -0.2981472 -0.4545615 0.01222401 -0.3784499 -0.4846899 0.003084599 -0.2981472 -0.4846899 0.003084599 -0.3784499 -0.5160229 -1.32823e-6 -0.2981472 -0.5160229 -1.32823e-6 -0.3784499 -0.5473554 0.003084599 -0.2981472 -0.5473554 0.003084599 -0.3784499 -0.5774838 0.01222401 -0.2981472 -0.5774838 0.01222401 -0.3784499 -0.6052505 0.02706563 -0.2981472 -0.6052505 0.02706557 -0.3784499 -0.629588 0.04703897 -0.2981472 -0.629588 0.04703897 -0.3784499 -0.6495613 0.07137662 -0.2981472 -0.6495613 0.07137662 -0.3784499 -0.6644029 0.09914326 -0.2981472 -0.6644029 0.09914326 -0.3784499 -0.6735425 0.1292718 -0.2981471 -0.6735425 0.1292718 -0.3784499 -0.6766286 0.1606044 -0.2981471 -0.6766286 0.1606044 -0.3784499 -0.6735425 0.191937 -0.2981471 -0.6735425 0.191937 -0.3784499 -0.6644029 0.2220656 -0.2981471 -0.6644029 0.2220656 -0.3784499 -0.6495613 0.2498322 -0.2981471 -0.6495613 0.2498322 -0.3784499 -0.629588 0.2741698 -0.2981471 -0.629588 0.2741698 -0.3784499 -0.6052505 0.2941432 -0.2981471 -0.6052505 0.2941432 -0.3784499 -0.5774838 0.3089848 -0.2981471 -0.5774838 0.3089848 -0.3784499 -0.5473551 0.3181241 -0.2981471 -0.5473551 0.3181241 -0.3784499 -0.5160225 0.3212101 -0.2981471 -0.5160225 0.3212101 -0.3784499 -0.4846899 0.3181241 -0.2981471 -0.4846899 0.318124 -0.3784499 -0.4545615 0.3089846 -0.2981471 -0.4545615 0.3089846 -0.3784499 -0.4267948 0.2941431 -0.2981471 -0.4267948 0.294143 -0.3784499 -0.4024574 0.2741696 -0.2981471 -0.4024574 0.2741696 -0.3784499 -0.3824838 0.249832 -0.2981471 -0.3824838 0.2498319 -0.3784499 -0.3676424 0.2220653 -0.2981471 -0.3676424 0.2220653 -0.3784499 -0.3585031 0.1919367 -0.2981471 -0.3585031 0.1919367 -0.3955143 -0.3634474 0.1606044 -0.3955143 -0.366379 0.1308383 -0.2810828 -0.366379 0.1308383 -0.2810828 -0.3634474 0.1606043 -0.3955143 -0.3750615 0.1022163 -0.2810828 -0.3750615 0.1022162 -0.3955143 -0.3891609 0.07583796 -0.2810828 -0.3891609 0.07583796 -0.3955143 -0.4081356 0.05271726 -0.2810828 -0.4081356 0.05271726 -0.3955143 -0.4312564 0.03374254 -0.2810828 -0.4312564 0.03374254 -0.3955143 -0.4576346 0.01964306 -0.2810828 -0.4576346 0.01964306 -0.3955143 -0.4862566 0.01096063 -0.2810828 -0.4862566 0.01096057 -0.3955143 -0.5160229 0.008028984 -0.2810828 -0.5160229 0.008028924 -0.3955143 -0.5457888 0.01096063 -0.2810828 -0.5457888 0.01096057 -0.3955143 -0.5744107 0.01964306 -0.2810828 -0.5744107 0.01964306 -0.3955143 -0.600789 0.03374254 -0.2810828 -0.600789 0.03374254 -0.3955143 -0.6239098 0.05271726 -0.2810828 -0.6239098 0.05271726 -0.3955143 -0.6428845 0.07583802 -0.2810828 -0.6428845 0.07583796 -0.3955143 -0.6569841 0.1022163 -0.2810828 -0.6569841 0.1022163 -0.3955143 -0.6656664 0.1308384 -0.2810828 -0.6656664 0.1308383 -0.3955143 -0.6685983 0.1606044 -0.2810828 -0.6685983 0.1606044 -0.3955143 -0.6656664 0.1903704 -0.2810828 -0.6656664 0.1903704 -0.3955143 -0.6569841 0.2189925 -0.2810828 -0.6569841 0.2189925 -0.3955143 -0.6428845 0.2453708 -0.2810828 -0.6428845 0.2453708 -0.3955143 -0.6239098 0.2684916 -0.2810828 -0.6239098 0.2684916 -0.3955143 -0.600789 0.2874663 -0.2810828 -0.600789 0.2874662 -0.3955143 -0.5744107 0.3015657 -0.2810828 -0.5744107 0.3015657 -0.3955143 -0.5457888 0.3102481 -0.2810828 -0.5457888 0.3102481 -0.3955143 -0.5160225 0.3131798 -0.2810828 -0.5160225 0.3131798 -0.3955143 -0.4862566 0.3102481 -0.2810828 -0.4862566 0.3102481 -0.3955143 -0.4576343 0.3015657 -0.2810828 -0.4576343 0.3015656 -0.3955143 -0.431256 0.2874661 -0.2810828 -0.431256 0.2874661 -0.3955143 -0.4081356 0.2684913 -0.2810828 -0.4081356 0.2684913 -0.3955143 -0.3891608 0.2453706 -0.2810828 -0.3891608 0.2453705 -0.3955143 -0.3750613 0.2189922 -0.2810828 -0.3750613 0.2189922 -0.3955143 -0.366379 0.1903701 -0.2810828 -0.366379 0.1903701 -0.3955143 -0.4015913 0.1606044 -0.3955143 -0.40379 0.1382799 -0.3955143 -0.4103018 0.1168133 -0.3955143 -0.4208765 0.09702956 -0.3955143 -0.4351073 0.07968902 -0.3955143 -0.4524479 0.06545799 -0.3955143 -0.4722317 0.05488342 -0.3955143 -0.4936983 0.04837155 -0.3955143 -0.5160229 0.04617279 -0.3955143 -0.5383471 0.04837155 -0.3955143 -0.5598136 0.05488342 -0.3955143 -0.5795974 0.06545799 -0.3955143 -0.596938 0.07968902 -0.3955143 -0.6111693 0.09702956 -0.3955143 -0.6217436 0.1168133 -0.3955143 -0.6282554 0.1382799 -0.3955143 -0.6304544 0.1606044 -0.3955143 -0.6282554 0.1829289 -0.3955143 -0.6217436 0.2043955 -0.3955143 -0.6111693 0.2241792 -0.3955143 -0.596938 0.2415198 -0.3955143 -0.5795974 0.2557508 -0.3955143 -0.5598136 0.2663254 -0.3955143 -0.5383471 0.2728372 -0.3955143 -0.5160225 0.2750359 -0.3955143 -0.4936983 0.2728371 -0.3955143 -0.4722313 0.2663253 -0.3955143 -0.4524479 0.2557507 -0.3955143 -0.4351073 0.2415196 -0.3955143 -0.4208765 0.224179 -0.3955143 -0.4103018 0.2043953 -0.3955143 -0.40379 0.1829287 -0.2810828 -0.40379 0.1382799 -0.2810828 -0.4015913 0.1606043 -0.2810828 -0.4103018 0.1168133 -0.2810828 -0.4208765 0.09702956 -0.2810828 -0.4351073 0.07968902 -0.2810828 -0.4524479 0.06545794 -0.2810828 -0.4722317 0.05488342 -0.2810828 -0.4936983 0.04837155 -0.2810828 -0.5160229 0.04617279 -0.2810828 -0.5383471 0.04837155 -0.2810828 -0.5598136 0.05488342 -0.2810828 -0.5795974 0.06545794 -0.2810828 -0.596938 0.07968902 -0.2810828 -0.6111693 0.09702956 -0.2810828 -0.6217436 0.1168133 -0.2810828 -0.6282554 0.1382799 -0.2810828 -0.6304544 0.1606044 -0.2810828 -0.6282554 0.1829289 -0.2810828 -0.6217436 0.2043955 -0.2810828 -0.6111693 0.2241792 -0.2810828 -0.596938 0.2415197 -0.2810828 -0.5795974 0.2557508 -0.2810828 -0.5598136 0.2663254 -0.2810828 -0.5383471 0.2728371 -0.2810828 -0.5160225 0.2750359 -0.2810828 -0.4936983 0.2728371 -0.2810828 -0.4722313 0.2663252 -0.2810828 -0.4524479 0.2557507 -0.2810828 -0.4351073 0.2415196 -0.2810828 -0.4208765 0.224179 -0.2810828 -0.4103018 0.2043952 -0.2810828 -0.40379 0.1829286 -0.3897927 -0.4130344 0.1606044 -0.3897927 -0.4150131 0.1405123 -0.3897927 -0.420874 0.1211924 -0.3897927 -0.4303911 0.1033871 -0.3897927 -0.443199 0.08778059 -0.3897927 -0.4588055 0.07497262 -0.3897927 -0.4766106 0.06545549 -0.3897927 -0.4959307 0.05959486 -0.3897927 -0.5160229 0.05761599 -0.3897927 -0.5361146 0.05959486 -0.3897927 -0.5554347 0.06545549 -0.3897927 -0.5732399 0.07497262 -0.3897927 -0.5888463 0.08778059 -0.3897927 -0.6016546 0.1033871 -0.3897927 -0.6111717 0.1211925 -0.3897927 -0.6170322 0.1405124 -0.3897927 -0.6190113 0.1606044 -0.3897927 -0.6170322 0.1806964 -0.3897927 -0.6111717 0.2000163 -0.3897927 -0.6016546 0.2178217 -0.3897927 -0.5888463 0.2334282 -0.3897927 -0.5732399 0.2462362 -0.3897927 -0.5554347 0.2557533 -0.3897927 -0.5361146 0.2616139 -0.3897927 -0.5160225 0.2635928 -0.3897927 -0.4959307 0.2616139 -0.3897927 -0.4766106 0.2557532 -0.3897927 -0.4588055 0.246236 -0.3897927 -0.4431986 0.2334281 -0.3897927 -0.4303907 0.2178215 -0.3897927 -0.4208737 0.2000162 -0.3897927 -0.4150131 0.1806963 -0.2868043 -0.4150131 0.1405123 -0.2868043 -0.4130344 0.1606043 -0.2868043 -0.420874 0.1211924 -0.2868043 -0.4303911 0.1033871 -0.2868043 -0.443199 0.08778053 -0.2868043 -0.4588055 0.07497262 -0.2868043 -0.4766106 0.06545549 -0.2868043 -0.4959307 0.05959486 -0.2868043 -0.5160229 0.05761599 -0.2868043 -0.5361146 0.05959486 -0.2868043 -0.5554347 0.06545549 -0.2868043 -0.5732399 0.07497262 -0.2868043 -0.5888463 0.08778053 -0.2868043 -0.6016546 0.1033871 -0.2868043 -0.6111717 0.1211924 -0.2868043 -0.6170322 0.1405123 -0.2868043 -0.6190113 0.1606044 -0.2868043 -0.6170322 0.1806964 -0.2868043 -0.6111717 0.2000163 -0.2868043 -0.6016546 0.2178217 -0.2868043 -0.5888463 0.2334281 -0.2868043 -0.5732399 0.2462361 -0.2868043 -0.5554347 0.2557532 -0.2868043 -0.5361146 0.2616139 -0.2868043 -0.5160225 0.2635928 -0.2868043 -0.4959307 0.2616139 -0.2868043 -0.4766106 0.2557532 -0.2868043 -0.4588055 0.246236 -0.2868043 -0.4431986 0.2334281 -0.2868043 -0.4303907 0.2178215 -0.2868043 -0.4208737 0.2000162 -0.2868043 -0.4150131 0.1806963 -0.3897927 -0.4130344 0.1606044 -0.3897927 -0.4150131 0.1405123 -0.3897927 -0.420874 0.1211925 -0.3897927 -0.4303911 0.1033871 -0.3897927 -0.443199 0.08778059 -0.3897927 -0.4588055 0.07497262 -0.3897927 -0.4766106 0.06545549 -0.3897927 -0.4959307 0.05959486 -0.3897927 -0.5160229 0.05761599 -0.3897927 -0.5361146 0.05959486 -0.3897927 -0.5554347 0.06545549 -0.3897927 -0.5732399 0.07497262 -0.3897927 -0.5888463 0.08778059 -0.3897927 -0.6016546 0.1033871 -0.3897927 -0.6111717 0.1211925 -0.3897927 -0.6170322 0.1405123 -0.3897927 -0.6190113 0.1606044 -0.3897927 -0.6170322 0.1806964 -0.3897927 -0.6111717 0.2000164 -0.3897927 -0.6016546 0.2178217 -0.3897927 -0.5888463 0.2334282 -0.3897927 -0.5732399 0.2462362 -0.3897927 -0.5554347 0.2557533 -0.3897927 -0.5361146 0.2616139 -0.3897927 -0.5160225 0.2635928 -0.3897927 -0.4959307 0.2616139 -0.3897927 -0.4766106 0.2557532 -0.3897927 -0.4588055 0.246236 -0.3897927 -0.4431986 0.2334281 -0.3897927 -0.4303907 0.2178215 -0.3897927 -0.4208737 0.2000162 -0.3897927 -0.4150131 0.1806963 -0.2868043 -0.4150131 0.1405123 -0.2868043 -0.4130344 0.1606043 -0.2868043 -0.420874 0.1211924 -0.2868043 -0.4303911 0.1033871 -0.2868043 -0.443199 0.08778053 -0.2868043 -0.4588055 0.07497262 -0.2868043 -0.4766106 0.06545549 -0.2868043 -0.4959307 0.05959481 -0.2868043 -0.5160229 0.05761599 -0.2868043 -0.5361146 0.05959481 -0.2868043 -0.5554347 0.06545549 -0.2868043 -0.5732399 0.07497262 -0.2868043 -0.5888463 0.08778053 -0.2868043 -0.6016546 0.1033871 -0.2868043 -0.6111717 0.1211924 -0.2868043 -0.6170322 0.1405123 -0.2868043 -0.6190113 0.1606044 -0.2868043 -0.6170322 0.1806964 -0.2868043 -0.6111717 0.2000163 -0.2868043 -0.6016546 0.2178217 -0.2868043 -0.5888463 0.2334281 -0.2868043 -0.5732399 0.2462361 -0.2868043 -0.5554347 0.2557532 -0.2868043 -0.5361146 0.2616139 -0.2868043 -0.5160225 0.2635928 -0.2868043 -0.4959307 0.2616139 -0.2868043 -0.4766106 0.2557532 -0.2868043 -0.4588055 0.246236 -0.2868043 -0.4431986 0.2334281 -0.2868043 -0.4303907 0.2178215 -0.2868043 -0.4208737 0.2000162 -0.2868043 -0.4150131 0.1806963 -0.3784499 0.6724593 0.1606044 -0.2981471 0.6724593 0.1606043 -0.3784499 0.6693732 0.1292718 -0.2981471 0.6693732 0.1292718 -0.3784499 0.6602339 0.0991432 -0.2981472 0.6602339 0.0991432 -0.3784499 0.6453924 0.07137662 -0.2981472 0.6453924 0.07137662 -0.3784499 0.6254191 0.04703897 -0.2981472 0.6254191 0.04703897 -0.3784499 0.6010813 0.02706563 -0.2981472 0.6010813 0.02706557 -0.3784499 0.5733149 0.01222401 -0.2981472 0.5733149 0.01222401 -0.3784499 0.5431861 0.003084599 -0.2981472 0.5431861 0.003084599 -0.3784499 0.5118536 -1.32823e-6 -0.2981472 0.5118536 -1.32823e-6 -0.3784499 0.480521 0.003084599 -0.2981472 0.480521 0.003084599 -0.3784499 0.4503926 0.01222401 -0.2981472 0.4503926 0.01222401 -0.3784499 0.4226258 0.02706563 -0.2981472 0.4226258 0.02706557 -0.3784499 0.3982883 0.04703897 -0.2981472 0.3982883 0.04703897 -0.3784499 0.3783149 0.07137662 -0.2981472 0.3783149 0.07137662 -0.3784499 0.3634734 0.09914326 -0.2981472 0.3634734 0.09914326 -0.3784499 0.354334 0.1292718 -0.2981471 0.354334 0.1292718 -0.3784499 0.351248 0.1606044 -0.2981471 0.351248 0.1606044 -0.3784499 0.354334 0.191937 -0.2981471 0.354334 0.191937 -0.3784499 0.3634734 0.2220656 -0.2981471 0.3634734 0.2220656 -0.3784499 0.3783149 0.2498322 -0.2981471 0.3783149 0.2498322 -0.3784499 0.3982883 0.2741698 -0.2981471 0.3982883 0.2741698 -0.3784499 0.4226258 0.2941432 -0.2981471 0.4226258 0.2941432 -0.3784499 0.4503926 0.3089848 -0.2981471 0.4503926 0.3089848 -0.3784499 0.4805214 0.3181241 -0.2981471 0.4805214 0.3181241 -0.3784499 0.5118539 0.3212101 -0.2981471 0.5118539 0.3212101 -0.3784499 0.5431865 0.3181241 -0.2981471 0.5431865 0.318124 -0.3784499 0.5733149 0.3089846 -0.2981471 0.5733149 0.3089846 -0.3784499 0.6010817 0.2941431 -0.2981471 0.6010817 0.294143 -0.3784499 0.6254191 0.2741696 -0.2981471 0.6254191 0.2741696 -0.3784499 0.6453924 0.249832 -0.2981471 0.6453924 0.2498319 -0.3784499 0.6602339 0.2220653 -0.2981471 0.6602339 0.2220653 -0.3784499 0.6693732 0.1919367 -0.2981471 0.6693732 0.1919367 -0.3955143 0.664429 0.1606044 -0.3955143 0.6614975 0.1308383 -0.2810828 0.6614975 0.1308383 -0.2810828 0.664429 0.1606043 -0.3955143 0.6528148 0.1022163 -0.2810828 0.6528148 0.1022162 -0.3955143 0.6387156 0.07583796 -0.2810828 0.6387156 0.07583796 -0.3955143 0.6197409 0.05271726 -0.2810828 0.6197409 0.05271726 -0.3955143 0.59662 0.03374254 -0.2810828 0.59662 0.03374254 -0.3955143 0.5702418 0.01964306 -0.2810828 0.5702418 0.01964306 -0.3955143 0.5416194 0.01096063 -0.2810828 0.5416194 0.01096057 -0.3955143 0.5118536 0.008028984 -0.2810828 0.5118536 0.008028924 -0.3955143 0.4820877 0.01096063 -0.2810828 0.4820877 0.01096057 -0.3955143 0.4534658 0.01964306 -0.2810828 0.4534658 0.01964306 -0.3955143 0.4270874 0.03374254 -0.2810828 0.4270874 0.03374254 -0.3955143 0.4039667 0.05271726 -0.2810828 0.4039667 0.05271726 -0.3955143 0.3849919 0.07583802 -0.2810828 0.3849919 0.07583796 -0.3955143 0.3708924 0.1022163 -0.2810828 0.3708924 0.1022163 -0.3955143 0.36221 0.1308384 -0.2810828 0.36221 0.1308383 -0.3955143 0.3592782 0.1606044 -0.2810828 0.3592782 0.1606044 -0.3955143 0.36221 0.1903704 -0.2810828 0.36221 0.1903704 -0.3955143 0.3708924 0.2189925 -0.2810828 0.3708924 0.2189925 -0.3955143 0.3849919 0.2453708 -0.2810828 0.3849919 0.2453708 -0.3955143 0.4039667 0.2684916 -0.2810828 0.4039667 0.2684916 -0.3955143 0.4270874 0.2874663 -0.2810828 0.4270874 0.2874662 -0.3955143 0.4534658 0.3015657 -0.2810828 0.4534658 0.3015657 -0.3955143 0.4820877 0.3102481 -0.2810828 0.4820877 0.3102481 -0.3955143 0.5118539 0.3131798 -0.2810828 0.5118539 0.3131798 -0.3955143 0.5416198 0.3102481 -0.2810828 0.5416198 0.3102481 -0.3955143 0.5702418 0.3015657 -0.2810828 0.5702418 0.3015656 -0.3955143 0.59662 0.2874661 -0.2810828 0.59662 0.2874661 -0.3955143 0.6197409 0.2684913 -0.2810828 0.6197409 0.2684913 -0.3955143 0.6387156 0.2453706 -0.2810828 0.6387156 0.2453705 -0.3955143 0.6528152 0.2189922 -0.2810828 0.6528152 0.2189922 -0.3955143 0.6614975 0.1903701 -0.2810828 0.6614975 0.1903701 -0.3955143 0.6262851 0.1606044 -0.3955143 0.6240864 0.1382799 -0.3955143 0.6175746 0.1168133 -0.3955143 0.607 0.09702956 -0.3955143 0.5927691 0.07968902 -0.3955143 0.5754286 0.06545799 -0.3955143 0.5556447 0.05488342 -0.3955143 0.5341782 0.04837155 -0.3955143 0.5118536 0.04617279 -0.3955143 0.4895294 0.04837155 -0.3955143 0.4680628 0.05488342 -0.3955143 0.448279 0.06545799 -0.3955143 0.4309384 0.07968902 -0.3955143 0.4167072 0.09702956 -0.3955143 0.4061328 0.1168133 -0.3955143 0.3996209 0.1382799 -0.3955143 0.3974221 0.1606044 -0.3955143 0.399621 0.1829289 -0.3955143 0.4061328 0.2043955 -0.3955143 0.4167072 0.2241792 -0.3955143 0.4309384 0.2415198 -0.3955143 0.448279 0.2557508 -0.3955143 0.4680628 0.2663254 -0.3955143 0.4895294 0.2728372 -0.3955143 0.5118539 0.2750359 -0.3955143 0.5341782 0.2728371 -0.3955143 0.5556447 0.2663253 -0.3955143 0.5754286 0.2557507 -0.3955143 0.5927691 0.2415196 -0.3955143 0.607 0.224179 -0.3955143 0.6175746 0.2043953 -0.3955143 0.6240864 0.1829287 -0.2810828 0.6240864 0.1382799 -0.2810828 0.6262851 0.1606043 -0.2810828 0.6175746 0.1168133 -0.2810828 0.607 0.09702956 -0.2810828 0.5927691 0.07968902 -0.2810828 0.5754286 0.06545794 -0.2810828 0.5556447 0.05488342 -0.2810828 0.5341782 0.04837155 -0.2810828 0.5118536 0.04617279 -0.2810828 0.4895294 0.04837155 -0.2810828 0.4680628 0.05488342 -0.2810828 0.448279 0.06545794 -0.2810828 0.4309384 0.07968902 -0.2810828 0.4167072 0.09702956 -0.2810828 0.4061328 0.1168133 -0.2810828 0.3996209 0.1382799 -0.2810828 0.3974221 0.1606044 -0.2810828 0.399621 0.1829289 -0.2810828 0.4061328 0.2043955 -0.2810828 0.4167072 0.2241792 -0.2810828 0.4309384 0.2415197 -0.2810828 0.448279 0.2557508 -0.2810828 0.4680628 0.2663254 -0.2810828 0.4895294 0.2728371 -0.2810828 0.5118539 0.2750359 -0.2810828 0.5341782 0.2728371 -0.2810828 0.5556447 0.2663252 -0.2810828 0.5754286 0.2557507 -0.2810828 0.5927691 0.2415196 -0.2810828 0.607 0.224179 -0.2810828 0.6175746 0.2043952 -0.2810828 0.6240864 0.1829286 -0.3897927 0.614842 0.1606044 -0.3897927 0.6128633 0.1405123 -0.3897927 0.6070024 0.1211924 -0.3897927 0.5974853 0.1033871 -0.3897927 0.5846774 0.08778059 -0.3897927 0.5690709 0.07497262 -0.3897927 0.5512658 0.06545549 -0.3897927 0.5319457 0.05959486 -0.3897927 0.5118536 0.05761599 -0.3897927 0.4917618 0.05959486 -0.3897927 0.4724417 0.06545549 -0.3897927 0.4546366 0.07497262 -0.3897927 0.4390301 0.08778059 -0.3897927 0.4262218 0.1033871 -0.3897927 0.4167047 0.1211925 -0.3897927 0.4108442 0.1405124 -0.3897927 0.4088652 0.1606044 -0.3897927 0.4108442 0.1806964 -0.3897927 0.4167047 0.2000163 -0.3897927 0.4262218 0.2178217 -0.3897927 0.4390301 0.2334282 -0.3897927 0.4546366 0.2462362 -0.3897927 0.4724417 0.2557533 -0.3897927 0.4917618 0.2616139 -0.3897927 0.5118539 0.2635928 -0.3897927 0.5319457 0.2616139 -0.3897927 0.5512658 0.2557532 -0.3897927 0.5690709 0.246236 -0.3897927 0.5846778 0.2334281 -0.3897927 0.5974853 0.2178215 -0.3897927 0.6070028 0.2000162 -0.3897927 0.6128633 0.1806963 -0.2868043 0.6128633 0.1405123 -0.2868043 0.614842 0.1606043 -0.2868043 0.6070024 0.1211924 -0.2868043 0.5974853 0.1033871 -0.2868043 0.5846774 0.08778053 -0.2868043 0.5690709 0.07497262 -0.2868043 0.5512658 0.06545549 -0.2868043 0.5319457 0.05959486 -0.2868043 0.5118536 0.05761599 -0.2868043 0.4917618 0.05959486 -0.2868043 0.4724417 0.06545549 -0.2868043 0.4546366 0.07497262 -0.2868043 0.4390301 0.08778053 -0.2868043 0.4262218 0.1033871 -0.2868043 0.4167047 0.1211924 -0.2868043 0.4108442 0.1405123 -0.2868043 0.4088652 0.1606044 -0.2868043 0.4108442 0.1806964 -0.2868043 0.4167047 0.2000163 -0.2868043 0.4262218 0.2178217 -0.2868043 0.4390301 0.2334281 -0.2868043 0.4546366 0.2462361 -0.2868043 0.4724417 0.2557532 -0.2868043 0.4917618 0.2616139 -0.2868043 0.5118539 0.2635928 -0.2868043 0.5319457 0.2616139 -0.2868043 0.5512658 0.2557532 -0.2868043 0.5690709 0.246236 -0.2868043 0.5846778 0.2334281 -0.2868043 0.5974853 0.2178215 -0.2868043 0.6070028 0.2000162 -0.2868043 0.6128633 0.1806963 -0.3897927 0.614842 0.1606044 -0.3897927 0.6128633 0.1405123 -0.3897927 0.6070024 0.1211925 -0.3897927 0.5974853 0.1033871 -0.3897927 0.5846774 0.08778059 -0.3897927 0.5690709 0.07497262 -0.3897927 0.5512658 0.06545549 -0.3897927 0.5319457 0.05959486 -0.3897927 0.5118536 0.05761599 -0.3897927 0.4917618 0.05959486 -0.3897927 0.4724417 0.06545549 -0.3897927 0.4546366 0.07497262 -0.3897927 0.4390301 0.08778059 -0.3897927 0.4262218 0.1033871 -0.3897927 0.4167047 0.1211925 -0.3897927 0.4108442 0.1405123 -0.3897927 0.4088652 0.1606044 -0.3897927 0.4108442 0.1806964 -0.3897927 0.4167047 0.2000164 -0.3897927 0.4262218 0.2178217 -0.3897927 0.4390301 0.2334282 -0.3897927 0.4546366 0.2462362 -0.3897927 0.4724417 0.2557533 -0.3897927 0.4917618 0.2616139 -0.3897927 0.5118539 0.2635928 -0.3897927 0.5319457 0.2616139 -0.3897927 0.5512658 0.2557532 -0.3897927 0.5690709 0.246236 -0.3897927 0.5846778 0.2334281 -0.3897927 0.5974853 0.2178215 -0.3897927 0.6070028 0.2000162 -0.3897927 0.6128633 0.1806963 -0.2868043 0.6128633 0.1405123 -0.2868043 0.614842 0.1606043 -0.2868043 0.6070024 0.1211924 -0.2868043 0.5974853 0.1033871 -0.2868043 0.5846774 0.08778053 -0.2868043 0.5690709 0.07497262 -0.2868043 0.5512658 0.06545549 -0.2868043 0.5319457 0.05959481 -0.2868043 0.5118536 0.05761599 -0.2868043 0.4917618 0.05959481 -0.2868043 0.4724417 0.06545549 -0.2868043 0.4546366 0.07497262 -0.2868043 0.4390301 0.08778053 -0.2868043 0.4262218 0.1033871 -0.2868043 0.4167047 0.1211924 -0.2868043 0.4108442 0.1405123 -0.2868043 0.4088652 0.1606044 -0.2868043 0.4108442 0.1806964 -0.2868043 0.4167047 0.2000163 -0.2868043 0.4262218 0.2178217 -0.2868043 0.4390301 0.2334281 -0.2868043 0.4546366 0.2462361 -0.2868043 0.4724417 0.2557532 -0.2868043 0.4917618 0.2616139 -0.2868043 0.5118539 0.2635928 -0.2868043 0.5319457 0.2616139 -0.2868043 0.5512658 0.2557532 -0.2868043 0.5690709 0.246236 -0.2868043 0.5846778 0.2334281 -0.2868043 0.5974853 0.2178215 -0.2868043 0.6070028 0.2000162 -0.2868043 0.6128633 0.1806963 0.3041242 0.6724593 0.1606044 0.3844271 0.6724593 0.1606043 0.3041242 0.6693732 0.1292718 0.3844271 0.6693732 0.1292718 0.3041242 0.6602339 0.0991432 0.3844271 0.6602339 0.0991432 0.3041242 0.6453924 0.07137662 0.3844271 0.6453924 0.07137662 0.3041242 0.6254191 0.04703897 0.3844271 0.6254191 0.04703897 0.3041242 0.6010813 0.02706563 0.3844271 0.6010813 0.02706557 0.3041242 0.5733149 0.01222401 0.3844271 0.5733149 0.01222401 0.3041242 0.5431861 0.003084599 0.3844271 0.5431861 0.003084599 0.3041242 0.5118536 -1.32823e-6 0.3844271 0.5118536 -1.32823e-6 0.3041242 0.480521 0.003084599 0.3844271 0.480521 0.003084599 0.3041242 0.4503926 0.01222401 0.3844271 0.4503926 0.01222401 0.3041242 0.4226258 0.02706563 0.3844271 0.4226258 0.02706557 0.3041242 0.3982883 0.04703897 0.3844271 0.3982883 0.04703897 0.3041242 0.3783149 0.07137662 0.3844271 0.3783149 0.07137662 0.3041242 0.3634734 0.09914326 0.3844271 0.3634734 0.09914326 0.3041242 0.354334 0.1292718 0.3844271 0.354334 0.1292718 0.3041242 0.351248 0.1606044 0.3844271 0.351248 0.1606044 0.3041242 0.354334 0.191937 0.3844271 0.354334 0.191937 0.3041243 0.3634734 0.2220656 0.3844271 0.3634734 0.2220656 0.3041243 0.3783149 0.2498322 0.3844271 0.3783149 0.2498322 0.3041243 0.3982883 0.2741698 0.3844271 0.3982883 0.2741698 0.3041243 0.4226258 0.2941432 0.3844271 0.4226258 0.2941432 0.3041243 0.4503926 0.3089848 0.3844271 0.4503926 0.3089848 0.3041243 0.4805214 0.3181241 0.3844271 0.4805214 0.3181241 0.3041243 0.5118539 0.3212101 0.3844271 0.5118539 0.3212101 0.3041243 0.5431865 0.3181241 0.3844271 0.5431865 0.318124 0.3041243 0.5733149 0.3089846 0.3844271 0.5733149 0.3089846 0.3041243 0.6010817 0.2941431 0.3844271 0.6010817 0.294143 0.3041243 0.6254191 0.2741696 0.3844271 0.6254191 0.2741696 0.3041243 0.6453924 0.249832 0.3844271 0.6453924 0.2498319 0.3041243 0.6602339 0.2220653 0.3844271 0.6602339 0.2220653 0.3041242 0.6693732 0.1919367 0.3844271 0.6693732 0.1919367 0.28706 0.664429 0.1606044 0.28706 0.6614975 0.1308383 0.4014915 0.6614975 0.1308383 0.4014915 0.664429 0.1606043 0.28706 0.6528148 0.1022163 0.4014915 0.6528148 0.1022162 0.2870599 0.6387156 0.07583796 0.4014915 0.6387156 0.07583796 0.2870599 0.6197409 0.05271726 0.4014915 0.6197409 0.05271726 0.2870599 0.59662 0.03374254 0.4014915 0.59662 0.03374254 0.2870599 0.5702418 0.01964306 0.4014915 0.5702418 0.01964306 0.2870599 0.5416194 0.01096063 0.4014915 0.5416194 0.01096057 0.2870599 0.5118536 0.008028984 0.4014915 0.5118536 0.008028924 0.2870599 0.4820877 0.01096063 0.4014915 0.4820877 0.01096057 0.2870599 0.4534658 0.01964306 0.4014915 0.4534658 0.01964306 0.2870599 0.4270874 0.03374254 0.4014915 0.4270874 0.03374254 0.2870599 0.4039667 0.05271726 0.4014915 0.4039667 0.05271726 0.2870599 0.3849919 0.07583802 0.4014915 0.3849919 0.07583796 0.28706 0.3708924 0.1022163 0.4014915 0.3708924 0.1022163 0.28706 0.36221 0.1308384 0.4014915 0.36221 0.1308383 0.28706 0.3592782 0.1606044 0.4014915 0.3592782 0.1606044 0.28706 0.36221 0.1903704 0.4014915 0.36221 0.1903704 0.28706 0.3708924 0.2189925 0.4014915 0.3708924 0.2189925 0.28706 0.3849919 0.2453708 0.4014915 0.3849919 0.2453708 0.28706 0.4039667 0.2684916 0.4014915 0.4039667 0.2684916 0.28706 0.4270874 0.2874663 0.4014915 0.4270874 0.2874662 0.28706 0.4534658 0.3015657 0.4014915 0.4534658 0.3015657 0.28706 0.4820877 0.3102481 0.4014915 0.4820877 0.3102481 0.28706 0.5118539 0.3131798 0.4014915 0.5118539 0.3131798 0.28706 0.5416198 0.3102481 0.4014915 0.5416198 0.3102481 0.28706 0.5702418 0.3015657 0.4014915 0.5702418 0.3015656 0.28706 0.59662 0.2874661 0.4014915 0.59662 0.2874661 0.28706 0.6197409 0.2684913 0.4014915 0.6197409 0.2684913 0.28706 0.6387156 0.2453706 0.4014915 0.6387156 0.2453705 0.28706 0.6528152 0.2189922 0.4014915 0.6528152 0.2189922 0.28706 0.6614975 0.1903701 0.4014915 0.6614975 0.1903701 0.28706 0.6262851 0.1606044 0.28706 0.6240864 0.1382799 0.28706 0.6175746 0.1168133 0.28706 0.607 0.09702956 0.2870599 0.5927691 0.07968902 0.2870599 0.5754286 0.06545799 0.2870599 0.5556447 0.05488342 0.2870599 0.5341782 0.04837155 0.2870599 0.5118536 0.04617279 0.2870599 0.4895294 0.04837155 0.2870599 0.4680628 0.05488342 0.2870599 0.448279 0.06545799 0.2870599 0.4309384 0.07968902 0.28706 0.4167072 0.09702956 0.28706 0.4061328 0.1168133 0.28706 0.3996209 0.1382799 0.28706 0.3974221 0.1606044 0.28706 0.399621 0.1829289 0.28706 0.4061328 0.2043955 0.28706 0.4167072 0.2241792 0.28706 0.4309384 0.2415198 0.28706 0.448279 0.2557508 0.28706 0.4680628 0.2663254 0.28706 0.4895294 0.2728372 0.28706 0.5118539 0.2750359 0.28706 0.5341782 0.2728371 0.28706 0.5556447 0.2663253 0.28706 0.5754286 0.2557507 0.28706 0.5927691 0.2415196 0.28706 0.607 0.224179 0.28706 0.6175746 0.2043953 0.28706 0.6240864 0.1829287 0.4014915 0.6240864 0.1382799 0.4014915 0.6262851 0.1606043 0.4014915 0.6175746 0.1168133 0.4014915 0.607 0.09702956 0.4014915 0.5927691 0.07968902 0.4014915 0.5754286 0.06545794 0.4014915 0.5556447 0.05488342 0.4014915 0.5341782 0.04837155 0.4014915 0.5118536 0.04617279 0.4014915 0.4895294 0.04837155 0.4014915 0.4680628 0.05488342 0.4014915 0.448279 0.06545794 0.4014915 0.4309384 0.07968902 0.4014915 0.4167072 0.09702956 0.4014915 0.4061328 0.1168133 0.4014915 0.3996209 0.1382799 0.4014915 0.3974221 0.1606044 0.4014915 0.399621 0.1829289 0.4014915 0.4061328 0.2043955 0.4014915 0.4167072 0.2241792 0.4014915 0.4309384 0.2415197 0.4014915 0.448279 0.2557508 0.4014915 0.4680628 0.2663254 0.4014915 0.4895294 0.2728371 0.4014915 0.5118539 0.2750359 0.4014915 0.5341782 0.2728371 0.4014915 0.5556447 0.2663252 0.4014915 0.5754286 0.2557507 0.4014915 0.5927691 0.2415196 0.4014915 0.607 0.224179 0.4014915 0.6175746 0.2043952 0.4014915 0.6240864 0.1829286 0.2927815 0.614842 0.1606044 0.2927815 0.6128633 0.1405123 0.2927815 0.6070024 0.1211924 0.2927815 0.5974853 0.1033871 0.2927815 0.5846774 0.08778059 0.2927815 0.5690709 0.07497262 0.2927815 0.5512658 0.06545549 0.2927815 0.5319457 0.05959486 0.2927815 0.5118536 0.05761599 0.2927815 0.4917618 0.05959486 0.2927815 0.4724417 0.06545549 0.2927815 0.4546366 0.07497262 0.2927815 0.4390301 0.08778059 0.2927815 0.4262218 0.1033871 0.2927815 0.4167047 0.1211925 0.2927815 0.4108442 0.1405124 0.2927815 0.4088652 0.1606044 0.2927815 0.4108442 0.1806964 0.2927815 0.4167047 0.2000163 0.2927815 0.4262218 0.2178217 0.2927815 0.4390301 0.2334282 0.2927815 0.4546366 0.2462362 0.2927815 0.4724417 0.2557533 0.2927815 0.4917618 0.2616139 0.2927815 0.5118539 0.2635928 0.2927815 0.5319457 0.2616139 0.2927815 0.5512658 0.2557532 0.2927815 0.5690709 0.246236 0.2927815 0.5846778 0.2334281 0.2927815 0.5974853 0.2178215 0.2927815 0.6070028 0.2000162 0.2927815 0.6128633 0.1806963 0.3957699 0.6128633 0.1405123 0.3957699 0.614842 0.1606043 0.3957699 0.6070024 0.1211924 0.3957699 0.5974853 0.1033871 0.3957699 0.5846774 0.08778053 0.3957699 0.5690709 0.07497262 0.3957699 0.5512658 0.06545549 0.3957699 0.5319457 0.05959486 0.3957699 0.5118536 0.05761599 0.3957699 0.4917618 0.05959486 0.3957699 0.4724417 0.06545549 0.3957699 0.4546366 0.07497262 0.3957699 0.4390301 0.08778053 0.3957699 0.4262218 0.1033871 0.3957699 0.4167047 0.1211924 0.3957699 0.4108442 0.1405123 0.3957699 0.4088652 0.1606044 0.3957699 0.4108442 0.1806964 0.3957699 0.4167047 0.2000163 0.3957699 0.4262218 0.2178217 0.3957699 0.4390301 0.2334281 0.3957699 0.4546366 0.2462361 0.3957699 0.4724417 0.2557532 0.3957699 0.4917618 0.2616139 0.3957699 0.5118539 0.2635928 0.3957699 0.5319457 0.2616139 0.3957699 0.5512658 0.2557532 0.3957699 0.5690709 0.246236 0.3957699 0.5846778 0.2334281 0.3957699 0.5974853 0.2178215 0.3957699 0.6070028 0.2000162 0.3957699 0.6128633 0.1806963 0.2927815 0.614842 0.1606044 0.2927815 0.6128633 0.1405123 0.2927815 0.6070024 0.1211925 0.2927815 0.5974853 0.1033871 0.2927815 0.5846774 0.08778059 0.2927815 0.5690709 0.07497262 0.2927815 0.5512658 0.06545549 0.2927815 0.5319457 0.05959486 0.2927815 0.5118536 0.05761599 0.2927815 0.4917618 0.05959486 0.2927815 0.4724417 0.06545549 0.2927815 0.4546366 0.07497262 0.2927815 0.4390301 0.08778059 0.2927815 0.4262218 0.1033871 0.2927815 0.4167047 0.1211925 0.2927815 0.4108442 0.1405123 0.2927815 0.4088652 0.1606044 0.2927815 0.4108442 0.1806964 0.2927815 0.4167047 0.2000164 0.2927815 0.4262218 0.2178217 0.2927815 0.4390301 0.2334282 0.2927815 0.4546366 0.2462362 0.2927815 0.4724417 0.2557533 0.2927815 0.4917618 0.2616139 0.2927815 0.5118539 0.2635928 0.2927815 0.5319457 0.2616139 0.2927815 0.5512658 0.2557532 0.2927815 0.5690709 0.246236 0.2927815 0.5846778 0.2334281 0.2927815 0.5974853 0.2178215 0.2927815 0.6070028 0.2000162 0.2927815 0.6128633 0.1806963 0.3957699 0.6128633 0.1405123 0.3957699 0.614842 0.1606043 0.3957699 0.6070024 0.1211924 0.3957699 0.5974853 0.1033871 0.3957699 0.5846774 0.08778053 0.3957699 0.5690709 0.07497262 0.3957699 0.5512658 0.06545549 0.3957699 0.5319457 0.05959481 0.3957699 0.5118536 0.05761599 0.3957699 0.4917618 0.05959481 0.3957699 0.4724417 0.06545549 0.3957699 0.4546366 0.07497262 0.3957699 0.4390301 0.08778053 0.3957699 0.4262218 0.1033871 0.3957699 0.4167047 0.1211924 0.3957699 0.4108442 0.1405123 0.3957699 0.4088652 0.1606044 0.3957699 0.4108442 0.1806964 0.3957699 0.4167047 0.2000163 0.3957699 0.4262218 0.2178217 0.3957699 0.4390301 0.2334281 0.3957699 0.4546366 0.2462361 0.3957699 0.4724417 0.2557532 0.3957699 0.4917618 0.2616139 0.3957699 0.5118539 0.2635928 0.3957699 0.5319457 0.2616139 0.3957699 0.5512658 0.2557532 0.3957699 0.5690709 0.246236 0.3957699 0.5846778 0.2334281 0.3957699 0.5974853 0.2178215 0.3957699 0.6070028 0.2000162 0.3957699 0.6128633 0.1806963 0.3041242 -0.355417 0.1606044 0.3844271 -0.355417 0.1606043 0.3041242 -0.3585031 0.1292718 0.3844271 -0.3585031 0.1292718 0.3041242 -0.3676424 0.0991432 0.3844271 -0.3676424 0.0991432 0.3041242 -0.382484 0.07137662 0.3844271 -0.382484 0.07137662 0.3041242 -0.4024574 0.04703897 0.3844271 -0.4024574 0.04703897 0.3041242 -0.4267948 0.02706563 0.3844271 -0.4267948 0.02706557 0.3041242 -0.4545615 0.01222401 0.3844271 -0.4545615 0.01222401 0.3041242 -0.4846899 0.003084599 0.3844271 -0.4846899 0.003084599 0.3041242 -0.5160229 -1.32823e-6 0.3844271 -0.5160229 -1.32823e-6 0.3041242 -0.5473554 0.003084599 0.3844271 -0.5473554 0.003084599 0.3041242 -0.5774838 0.01222401 0.3844271 -0.5774838 0.01222401 0.3041242 -0.6052505 0.02706563 0.3844271 -0.6052505 0.02706557 0.3041242 -0.629588 0.04703897 0.3844271 -0.629588 0.04703897 0.3041242 -0.6495613 0.07137662 0.3844271 -0.6495613 0.07137662 0.3041242 -0.6644029 0.09914326 0.3844271 -0.6644029 0.09914326 0.3041242 -0.6735425 0.1292718 0.3844271 -0.6735425 0.1292718 0.3041242 -0.6766286 0.1606044 0.3844271 -0.6766286 0.1606044 0.3041242 -0.6735425 0.191937 0.3844271 -0.6735425 0.191937 0.3041243 -0.6644029 0.2220656 0.3844271 -0.6644029 0.2220656 0.3041243 -0.6495613 0.2498322 0.3844271 -0.6495613 0.2498322 0.3041243 -0.629588 0.2741698 0.3844271 -0.629588 0.2741698 0.3041243 -0.6052505 0.2941432 0.3844271 -0.6052505 0.2941432 0.3041243 -0.5774838 0.3089848 0.3844271 -0.5774838 0.3089848 0.3041243 -0.5473551 0.3181241 0.3844271 -0.5473551 0.3181241 0.3041243 -0.5160225 0.3212101 0.3844271 -0.5160225 0.3212101 0.3041243 -0.4846899 0.3181241 0.3844271 -0.4846899 0.318124 0.3041243 -0.4545615 0.3089846 0.3844271 -0.4545615 0.3089846 0.3041243 -0.4267948 0.2941431 0.3844271 -0.4267948 0.294143 0.3041243 -0.4024574 0.2741696 0.3844271 -0.4024574 0.2741696 0.3041243 -0.3824838 0.249832 0.3844271 -0.3824838 0.2498319 0.3041243 -0.3676424 0.2220653 0.3844271 -0.3676424 0.2220653 0.3041242 -0.3585031 0.1919367 0.3844271 -0.3585031 0.1919367 0.28706 -0.3634474 0.1606044 0.28706 -0.366379 0.1308383 0.4014915 -0.366379 0.1308383 0.4014915 -0.3634474 0.1606043 0.28706 -0.3750615 0.1022163 0.4014915 -0.3750615 0.1022162 0.2870599 -0.3891609 0.07583796 0.4014915 -0.3891609 0.07583796 0.2870599 -0.4081356 0.05271726 0.4014915 -0.4081356 0.05271726 0.2870599 -0.4312564 0.03374254 0.4014915 -0.4312564 0.03374254 0.2870599 -0.4576346 0.01964306 0.4014915 -0.4576346 0.01964306 0.2870599 -0.4862566 0.01096063 0.4014915 -0.4862566 0.01096057 0.2870599 -0.5160229 0.008028984 0.4014915 -0.5160229 0.008028924 0.2870599 -0.5457888 0.01096063 0.4014915 -0.5457888 0.01096057 0.2870599 -0.5744107 0.01964306 0.4014915 -0.5744107 0.01964306 0.2870599 -0.600789 0.03374254 0.4014915 -0.600789 0.03374254 0.2870599 -0.6239098 0.05271726 0.4014915 -0.6239098 0.05271726 0.2870599 -0.6428845 0.07583802 0.4014915 -0.6428845 0.07583796 0.28706 -0.6569841 0.1022163 0.4014915 -0.6569841 0.1022163 0.28706 -0.6656664 0.1308384 0.4014915 -0.6656664 0.1308383 0.28706 -0.6685983 0.1606044 0.4014915 -0.6685983 0.1606044 0.28706 -0.6656664 0.1903704 0.4014915 -0.6656664 0.1903704 0.28706 -0.6569841 0.2189925 0.4014915 -0.6569841 0.2189925 0.28706 -0.6428845 0.2453708 0.4014915 -0.6428845 0.2453708 0.28706 -0.6239098 0.2684916 0.4014915 -0.6239098 0.2684916 0.28706 -0.600789 0.2874663 0.4014915 -0.600789 0.2874662 0.28706 -0.5744107 0.3015657 0.4014915 -0.5744107 0.3015657 0.28706 -0.5457888 0.3102481 0.4014915 -0.5457888 0.3102481 0.28706 -0.5160225 0.3131798 0.4014915 -0.5160225 0.3131798 0.28706 -0.4862566 0.3102481 0.4014915 -0.4862566 0.3102481 0.28706 -0.4576343 0.3015657 0.4014915 -0.4576343 0.3015656 0.28706 -0.431256 0.2874661 0.4014915 -0.431256 0.2874661 0.28706 -0.4081356 0.2684913 0.4014915 -0.4081356 0.2684913 0.28706 -0.3891608 0.2453706 0.4014915 -0.3891608 0.2453705 0.28706 -0.3750613 0.2189922 0.4014915 -0.3750613 0.2189922 0.28706 -0.366379 0.1903701 0.4014915 -0.366379 0.1903701 0.28706 -0.4015913 0.1606044 0.28706 -0.40379 0.1382799 0.28706 -0.4103018 0.1168133 0.28706 -0.4208765 0.09702956 0.2870599 -0.4351073 0.07968902 0.2870599 -0.4524479 0.06545799 0.2870599 -0.4722317 0.05488342 0.2870599 -0.4936983 0.04837155 0.2870599 -0.5160229 0.04617279 0.2870599 -0.5383471 0.04837155 0.2870599 -0.5598136 0.05488342 0.2870599 -0.5795974 0.06545799 0.2870599 -0.596938 0.07968902 0.28706 -0.6111693 0.09702956 0.28706 -0.6217436 0.1168133 0.28706 -0.6282554 0.1382799 0.28706 -0.6304544 0.1606044 0.28706 -0.6282554 0.1829289 0.28706 -0.6217436 0.2043955 0.28706 -0.6111693 0.2241792 0.28706 -0.596938 0.2415198 0.28706 -0.5795974 0.2557508 0.28706 -0.5598136 0.2663254 0.28706 -0.5383471 0.2728372 0.28706 -0.5160225 0.2750359 0.28706 -0.4936983 0.2728371 0.28706 -0.4722313 0.2663253 0.28706 -0.4524479 0.2557507 0.28706 -0.4351073 0.2415196 0.28706 -0.4208765 0.224179 0.28706 -0.4103018 0.2043953 0.28706 -0.40379 0.1829287 0.4014915 -0.40379 0.1382799 0.4014915 -0.4015913 0.1606043 0.4014915 -0.4103018 0.1168133 0.4014915 -0.4208765 0.09702956 0.4014915 -0.4351073 0.07968902 0.4014915 -0.4524479 0.06545794 0.4014915 -0.4722317 0.05488342 0.4014915 -0.4936983 0.04837155 0.4014915 -0.5160229 0.04617279 0.4014915 -0.5383471 0.04837155 0.4014915 -0.5598136 0.05488342 0.4014915 -0.5795974 0.06545794 0.4014915 -0.596938 0.07968902 0.4014915 -0.6111693 0.09702956 0.4014915 -0.6217436 0.1168133 0.4014915 -0.6282554 0.1382799 0.4014915 -0.6304544 0.1606044 0.4014915 -0.6282554 0.1829289 0.4014915 -0.6217436 0.2043955 0.4014915 -0.6111693 0.2241792 0.4014915 -0.596938 0.2415197 0.4014915 -0.5795974 0.2557508 0.4014915 -0.5598136 0.2663254 0.4014915 -0.5383471 0.2728371 0.4014915 -0.5160225 0.2750359 0.4014915 -0.4936983 0.2728371 0.4014915 -0.4722313 0.2663252 0.4014915 -0.4524479 0.2557507 0.4014915 -0.4351073 0.2415196 0.4014915 -0.4208765 0.224179 0.4014915 -0.4103018 0.2043952 0.4014915 -0.40379 0.1829286 0.2927815 -0.4130344 0.1606044 0.2927815 -0.4150131 0.1405123 0.2927815 -0.420874 0.1211924 0.2927815 -0.4303911 0.1033871 0.2927815 -0.443199 0.08778059 0.2927815 -0.4588055 0.07497262 0.2927815 -0.4766106 0.06545549 0.2927815 -0.4959307 0.05959486 0.2927815 -0.5160229 0.05761599 0.2927815 -0.5361146 0.05959486 0.2927815 -0.5554347 0.06545549 0.2927815 -0.5732399 0.07497262 0.2927815 -0.5888463 0.08778059 0.2927815 -0.6016546 0.1033871 0.2927815 -0.6111717 0.1211925 0.2927815 -0.6170322 0.1405124 0.2927815 -0.6190113 0.1606044 0.2927815 -0.6170322 0.1806964 0.2927815 -0.6111717 0.2000163 0.2927815 -0.6016546 0.2178217 0.2927815 -0.5888463 0.2334282 0.2927815 -0.5732399 0.2462362 0.2927815 -0.5554347 0.2557533 0.2927815 -0.5361146 0.2616139 0.2927815 -0.5160225 0.2635928 0.2927815 -0.4959307 0.2616139 0.2927815 -0.4766106 0.2557532 0.2927815 -0.4588055 0.246236 0.2927815 -0.4431986 0.2334281 0.2927815 -0.4303907 0.2178215 0.2927815 -0.4208737 0.2000162 0.2927815 -0.4150131 0.1806963 0.3957699 -0.4150131 0.1405123 0.3957699 -0.4130344 0.1606043 0.3957699 -0.420874 0.1211924 0.3957699 -0.4303911 0.1033871 0.3957699 -0.443199 0.08778053 0.3957699 -0.4588055 0.07497262 0.3957699 -0.4766106 0.06545549 0.3957699 -0.4959307 0.05959486 0.3957699 -0.5160229 0.05761599 0.3957699 -0.5361146 0.05959486 0.3957699 -0.5554347 0.06545549 0.3957699 -0.5732399 0.07497262 0.3957699 -0.5888463 0.08778053 0.3957699 -0.6016546 0.1033871 0.3957699 -0.6111717 0.1211924 0.3957699 -0.6170322 0.1405123 0.3957699 -0.6190113 0.1606044 0.3957699 -0.6170322 0.1806964 0.3957699 -0.6111717 0.2000163 0.3957699 -0.6016546 0.2178217 0.3957699 -0.5888463 0.2334281 0.3957699 -0.5732399 0.2462361 0.3957699 -0.5554347 0.2557532 0.3957699 -0.5361146 0.2616139 0.3957699 -0.5160225 0.2635928 0.3957699 -0.4959307 0.2616139 0.3957699 -0.4766106 0.2557532 0.3957699 -0.4588055 0.246236 0.3957699 -0.4431986 0.2334281 0.3957699 -0.4303907 0.2178215 0.3957699 -0.4208737 0.2000162 0.3957699 -0.4150131 0.1806963 0.2927815 -0.4130344 0.1606044 0.2927815 -0.4150131 0.1405123 0.2927815 -0.420874 0.1211925 0.2927815 -0.4303911 0.1033871 0.2927815 -0.443199 0.08778059 0.2927815 -0.4588055 0.07497262 0.2927815 -0.4766106 0.06545549 0.2927815 -0.4959307 0.05959486 0.2927815 -0.5160229 0.05761599 0.2927815 -0.5361146 0.05959486 0.2927815 -0.5554347 0.06545549 0.2927815 -0.5732399 0.07497262 0.2927815 -0.5888463 0.08778059 0.2927815 -0.6016546 0.1033871 0.2927815 -0.6111717 0.1211925 0.2927815 -0.6170322 0.1405123 0.2927815 -0.6190113 0.1606044 0.2927815 -0.6170322 0.1806964 0.2927815 -0.6111717 0.2000164 0.2927815 -0.6016546 0.2178217 0.2927815 -0.5888463 0.2334282 0.2927815 -0.5732399 0.2462362 0.2927815 -0.5554347 0.2557533 0.2927815 -0.5361146 0.2616139 0.2927815 -0.5160225 0.2635928 0.2927815 -0.4959307 0.2616139 0.2927815 -0.4766106 0.2557532 0.2927815 -0.4588055 0.246236 0.2927815 -0.4431986 0.2334281 0.2927815 -0.4303907 0.2178215 0.2927815 -0.4208737 0.2000162 0.2927815 -0.4150131 0.1806963 0.3957699 -0.4150131 0.1405123 0.3957699 -0.4130344 0.1606043 0.3957699 -0.420874 0.1211924 0.3957699 -0.4303911 0.1033871 0.3957699 -0.443199 0.08778053 0.3957699 -0.4588055 0.07497262 0.3957699 -0.4766106 0.06545549 0.3957699 -0.4959307 0.05959481 0.3957699 -0.5160229 0.05761599 0.3957699 -0.5361146 0.05959481 0.3957699 -0.5554347 0.06545549 0.3957699 -0.5732399 0.07497262 0.3957699 -0.5888463 0.08778053 0.3957699 -0.6016546 0.1033871 0.3957699 -0.6111717 0.1211924 0.3957699 -0.6170322 0.1405123 0.3957699 -0.6190113 0.1606044 0.3957699 -0.6170322 0.1806964 0.3957699 -0.6111717 0.2000163 0.3957699 -0.6016546 0.2178217 0.3957699 -0.5888463 0.2334281 0.3957699 -0.5732399 0.2462361 0.3957699 -0.5554347 0.2557532 0.3957699 -0.5361146 0.2616139 0.3957699 -0.5160225 0.2635928 0.3957699 -0.4959307 0.2616139 0.3957699 -0.4766106 0.2557532 0.3957699 -0.4588055 0.246236 0.3957699 -0.4431986 0.2334281 0.3957699 -0.4303907 0.2178215 0.3957699 -0.4208737 0.2000162 0.3957699 -0.4150131 0.1806963 -0.3884878 -0.8532948 0.120453 -0.3985256 -0.8131434 0.3713994 -0.3884878 0.8732164 0.120453 -0.3985256 0.8478094 0.3914752 0.394465 -0.8532948 0.120453 0.4045027 -0.8131434 0.3713994 0.394465 0.8732164 0.120453 0.4045027 0.8478094 0.3914752 -0.3859783 -0.3162695 0.401513 -0.3859783 0.617251 0.401513 0.3919555 0.617251 0.401513 0.3919555 -0.3162695 0.401513 -0.2692883 -0.07586276 0.6022701 -0.2692883 0.4772229 0.6022701 0.2752655 0.4772229 0.6022701 0.2752655 -0.07586276 0.6022701 0.002988517 0.8531407 0.4276114 0.002988517 0.8732164 0.120453 0.002988517 -0.8593176 0.401513 0.002988517 -0.8934463 0.120453 0.002988517 0.6574025 0.4276114 0.002988517 -0.3363451 0.4276114 0.002988517 0.5173744 0.6283686 0.002988517 -0.0959385 0.6283686 0.3924186 -0.8332191 0.3814373 -0.386375 -0.8332191 0.3814373 -0.385531 0.8531407 0.401513 0.3918285 0.8531407 0.401513 -0.3985256 0.1504908 0.3914752 -0.3884878 0.1504908 0.120453 0.4045027 0.1504908 0.3914752 0.394465 0.1504908 0.120453 0.002988517 0.1504908 0.120453 -0.3859783 0.1504908 0.401513 0.3919555 0.1504908 0.401513 -0.2692883 0.20068 0.612308 0.2752655 0.20068 0.612308 0.002988517 0.20068 0.6384065 0.197472 0.6473646 0.4215887 0.139127 0.5073366 0.6223459 0.1977035 -0.8532948 0.401513 0.197472 -0.3363451 0.4215887 0.139127 -0.0959385 0.6223459 0.1974086 0.8531407 0.4215887 0.139127 0.20068 0.6323837 -0.1914948 -0.3363451 0.4215887 -0.1912711 0.8531407 0.4215887 -0.1331498 -0.0959385 0.6223459 -0.1914948 0.6473646 0.4215887 -0.1331498 0.5073366 0.6223459 -0.1916931 -0.8532948 0.401513 -0.1331498 0.20068 0.6323837 0.4045027 0.8732164 0.2660019 0.4045027 -0.8532948 0.2660019 0.4045027 0.1504908 0.2660019 -0.3985256 -0.8532948 0.2660019 -0.3985256 0.8732164 0.2660019 -0.3985256 0.1504908 0.2660019 0.002988517 0.8732164 0.2660019 0.002988517 -0.899469 0.2660007 0.1987267 -0.8934463 0.120453 0.3553173 0.8732164 0.120453 0.1987267 0.1504908 0.120453 0.3643514 0.8732164 0.2660019 0.2037457 -0.8934463 0.2660013 -0.3493402 0.8732164 0.120453 -0.1927496 -0.8934463 0.120453 -0.1927496 0.1504908 0.120453 -0.3583742 0.8732164 0.2660019 -0.1977685 -0.8934463 0.2660013 0.3643647 -0.9074992 0.2597282 0.3643647 -0.9074992 0.1468023 0.1836766 -0.9476507 0.1468023 -0.1776995 -0.9476507 0.1468023 0.002988517 -0.9536734 0.1468023 -0.3583875 -0.9074992 0.1468023 -0.3583875 -0.9074992 0.2597282 0.002988517 -0.9536734 0.2597271 0.1836766 -0.9476507 0.2597277 -0.1776995 -0.9476507 0.2597277 -0.3985256 0.8732164 0.2450897 -0.3985256 0.8732164 0.1815167 0.4045027 0.8732164 0.2450897 0.4045027 0.8732164 0.1815167 0.4045027 -0.8532948 0.2450897 0.4045027 -0.8532948 0.1614409 0.002988517 0.9133678 0.2532038 0.002988517 0.9133678 0.1432463 0.4045027 0.1504908 0.2450897 0.4045027 0.1504908 0.1815166 -0.3985256 0.1504908 0.2450897 -0.3985256 0.1504908 0.1815166 -0.3985256 -0.8532948 0.161441 -0.3985256 -0.8532948 0.2450898 0.3824195 0.9133678 0.2532037 0.3824195 0.9133678 0.1432463 -0.3764423 0.9133678 0.2532037 -0.3764423 0.9133678 0.1432463 0.3643647 -0.913522 0.2409073 0.3643647 -0.913522 0.1656233 -0.3583875 -0.913522 0.1656233 -0.3583875 -0.913522 0.2409073 0.002988517 -0.9596961 0.1656227 0.002988517 -0.9596961 0.2409059 0.1836766 -0.9536734 0.2409065 0.1836766 -0.9536734 0.165623 -0.1776995 -0.9536734 0.2409065 -0.1776995 -0.9536734 0.165623 -0.2069777 -0.8443138 0.3740913 -0.3724572 -0.8272494 0.3710799 0.3784948 -0.8272494 0.3710799 0.212987 -0.8443138 0.3740913 -0.2121418 -0.8784425 0.2729594 -0.3827853 -0.8443138 0.2729599 0.3887664 -0.8443138 0.2729599 0.2181228 -0.8784425 0.2729594 -0.1817707 -0.330335 0.4262061 -0.36653 -0.3102593 0.4071342 -0.1263428 -0.1019487 0.6169254 -0.2556744 -0.08187294 0.5978535 0.3725072 -0.3102593 0.4071342 0.2616516 -0.08187294 0.5978535 0.1877478 -0.330335 0.4262061 0.002988517 -0.330335 0.4322289 0.1323201 -0.1019487 0.6169254 0.002988517 -0.1019487 0.6229481 -0.3985256 0.1504908 0.3914752 -0.3801438 -0.2856666 0.4118018 -0.2751227 -0.06930053 0.5924832 -0.3801438 0.1344177 0.4118018 -0.2751227 0.179588 0.6015173 -0.3801438 0.1715828 0.4118018 -0.3801438 0.5916669 0.4118018 -0.2751227 0.2167532 0.6015173 -0.2751227 0.4656417 0.5924832 -0.3801438 0.1715828 0.4118018 -0.3801438 0.5916669 0.4118018 -0.2751227 0.2167532 0.6015173 -0.2751227 0.4656417 0.5924832 -0.3796187 0.1734811 0.4127277 -0.3796187 0.5893643 0.4127277 -0.2756478 0.2181997 0.6005461 -0.2756478 0.4645993 0.5916023 -0.3796187 -0.2829123 0.4127277 -0.2756478 -0.06870996 0.5916023 -0.3796187 0.1329711 0.4127277 -0.2756478 0.1776897 0.6005461 0.386121 0.1344177 0.4118018 0.386121 -0.2856666 0.4118018 0.2810999 0.179588 0.6015173 0.2810999 -0.06930053 0.5924832 0.2810999 0.4656417 0.5924832 0.386121 0.5916669 0.4118018 0.386121 0.1715828 0.4118018 0.2810999 0.2167532 0.6015173 0.2829247 0.4620196 0.5894221 0.3842962 0.5836656 0.4150195 0.3842962 0.1781794 0.4150195 0.2829247 0.2217801 0.5981426 0.3842962 0.1293908 0.4150195 0.3842962 -0.2760955 0.4150195 0.2829247 0.1729915 0.5981426 0.2829247 -0.06724822 0.5894221 -0.3884878 -0.6813966 0.120453 0.4045027 -0.5722349 0.3764182 0.002988517 -0.632462 0.120453 -0.3985256 -0.5722349 0.3764182 0.394465 -0.6813966 0.120453 0.4045027 -0.5990548 0.3061533 -0.3985256 -0.5990548 0.3061533 0.1987267 -0.632462 0.120453 -0.1927496 -0.632462 0.120453 -0.3985256 -0.6813966 0.1815167 0.4045027 -0.6813966 0.1815166 -0.3985256 -0.3915534 0.3801825 0.394465 -0.3520293 0.120453 0.4045027 -0.4343709 0.3061533 0.4045027 -0.3520293 0.1815166 -0.3884878 -0.3520294 0.120453 0.4045027 -0.3915534 0.3801825 0.002988517 -0.3915534 0.120453 -0.3985256 -0.4343709 0.3061533 0.1987267 -0.3915534 0.120453 -0.1927496 -0.3915534 0.120453 -0.3985256 -0.3520294 0.1815167 -0.3985256 0.6373268 0.3914752 0.394465 0.6774781 0.120453 -0.3884878 0.6774781 0.120453 0.4045027 0.6373268 0.3914752 0.002988517 0.6774781 0.120453 0.4045027 0.6121068 0.3061533 -0.3985256 0.6121068 0.3061533 0.3161697 0.6774781 0.120453 -0.3101925 0.6774781 0.120453 0.4045027 0.6774781 0.1815166 -0.3985256 0.6774781 0.1815166 -0.3801438 0.4866461 0.4118018 -0.2751227 0.4034194 0.5947417 -0.3801438 0.4866461 0.4118018 -0.2751227 0.4034194 0.5947417 -0.3884878 0.3449742 0.120453 0.4045027 0.3851257 0.3914752 0.002988517 0.3449742 0.120453 -0.3985256 0.4103459 0.3061533 0.286809 0.3449742 0.120453 -0.2808318 0.3449742 0.120453 -0.3985256 0.3449742 0.1815166 -0.3985256 0.3851257 0.3914752 0.394465 0.3449742 0.120453 0.4045027 0.4103459 0.3061533 0.4045027 0.3449742 0.1815166 -0.3801438 0.4078802 0.4118018 -0.2751227 0.356753 0.5964357 -0.3801438 0.4078802 0.4118018 -0.2751227 0.356753 0.5964357 -0.2756478 0.3567996 0.5955151 0.1877478 0.6438638 0.4262663 0.3725072 0.6137502 0.4071944 0.1323201 0.5108373 0.6169856 0.2616516 0.4807237 0.5979137 -0.2556744 0.4807237 0.5979137 -0.36653 0.6137502 0.4071944 -0.1817707 0.6438638 0.4262663 0.002988517 0.6539017 0.431988 -0.1263428 0.5108373 0.6169856 0.002988517 0.5208752 0.6227073 0.1785098 0.6405385 0.4307099 0.3540312 0.6104249 0.4125916 0.1258534 0.5141631 0.6118932 0.2487184 0.4840491 0.5937749 -0.2427412 0.4840491 0.5937749 -0.348054 0.6104249 0.4125916 -0.1725327 0.6405385 0.4307099 0.002988517 0.6505759 0.4361456 -0.1198763 0.5141631 0.6118932 0.002988517 0.5242009 0.617329 0.002988517 -0.8593176 0.401513 0.1977035 -0.8532948 0.401513 -0.1916931 -0.8532948 0.401513 0.002988517 -0.899469 0.2660007 0.2037457 -0.8934463 0.2660013 -0.1977685 -0.8934463 0.2660013 0.002988517 0.8522365 0.391973 0.4245784 -0.5990548 0.2961155 -0.4186015 -0.5990548 0.2961155 -0.4186015 -0.6813966 0.1714788 0.4245784 -0.6813966 0.1714788 0.4245784 -0.4343709 0.2961155 0.4245784 -0.3520293 0.1714788 -0.4186015 -0.4343709 0.2961155 -0.4186015 -0.3520294 0.1714788 0.4245784 0.6121068 0.2961155 -0.4186015 0.6121068 0.2961155 0.4245784 0.6774781 0.1714788 -0.4186015 0.6774781 0.1714788 -0.4186015 0.4103459 0.2961155 -0.4186015 0.3449742 0.1714788 0.4245784 0.4103459 0.2961155 0.4245784 0.3449742 0.1714788 -0.4186015 -0.5867034 0.2867677 -0.4186015 -0.6566942 0.1808266 -0.4186015 -0.4467223 0.2867677 -0.4186015 -0.3767319 0.1808266 0.4245784 -0.5867034 0.2867677 0.4245784 -0.6566938 0.1808266 0.4245784 -0.4467223 0.2867677 0.4245784 -0.3767319 0.1808266 0.4245784 0.5969746 0.2898812 0.4245784 0.6525405 0.177713 0.4245784 0.4254778 0.2898812 0.4245784 0.369912 0.177713 -0.4186015 0.5969746 0.2867677 -0.4186015 0.6525405 0.1808266 -0.4186015 0.4254778 0.2867677 -0.4186015 0.369912 0.1808266 -0.1725327 -0.3242238 0.4306529 -0.348054 -0.3051519 0.4125346 -0.1198763 -0.1072568 0.6118362 -0.2427412 -0.08818489 0.5937179 0.3540312 -0.3051519 0.4125346 0.2487184 -0.08818489 0.5937179 0.1785098 -0.3242238 0.4306529 0.002988517 -0.3242239 0.4363745 0.1258534 -0.1072568 0.6118362 0.002988517 -0.1072568 0.6175578</float_array>
          <technique_common>
            <accessor source="#Cube_001-mesh-positions-array" count="1565" stride="3">
              <param name="X" type="float"/>
              <param name="Y" type="float"/>
              <param name="Z" type="float"/>
            </accessor>
          </technique_common>
        </source>
        <source id="Cube_001-mesh-normals">
          <float_array id="Cube_001-mesh-normals-array" count="4572">0.01084232 0.9947711 -0.1015526 0.3816112 -0.6970199 0.6070719 0.09509956 -0.260422 0.9607999 0.2306326 -0.4401181 0.867816 -0.8742125 -0.006554961 0.4854993 0.1884395 0.583337 0.7900688 0 -6.91466e-4 0.9999998 0.09593617 -3.57617e-4 0.9953875 -0.1763138 0.5764018 0.7979188 0 -0.3716855 0.9283587 -0.1213755 -0.7489516 0.6514136 0 -0.690989 0.7228653 0.02328276 0.8135703 0.5810004 0.8755317 0.006525516 0.4831168 -0.139659 -0.4411819 0.8864841 -0.122983 -0.7392864 0.6620656 0.05722904 0.7342178 0.6764977 2.05189e-5 0.4241489 0.9055925 0.1180183 0.3132449 0.9423107 -0.8784141 -0.4465923 0.1701291 -0.6246937 0 0.78087 -0.05724698 0.734223 0.6764906 2.50071e-5 0.7090932 0.7051148 -0.2306422 -0.4400278 0.8678593 -2.91102e-7 -0.3427593 0.9394233 -0.09510195 -0.2604272 0.9607983 0.8609473 -0.006866574 0.5086479 -0.09593617 -3.5762e-4 0.9953875 -0.4809846 -0.2751559 0.832432 0.1396589 -0.441182 0.8864841 -0.875532 0.006522417 0.4831162 0.4809789 -0.2751356 0.8324421 0.3100639 0.821178 0.4790899 0.507391 0.1371027 0.8507393 0.1213755 -0.7489516 0.6514136 -0.06165295 0.7794278 0.6234512 -1.28742e-7 -0.04984205 0.9987572 -0.379594 -0.6984558 0.6066861 -0.6058283 -0.1351464 0.7840329 -0.3051953 0.8229541 0.4791684 -0.1180127 0.3132741 0.9423016 0.08604663 -0.526681 0.8456969 0.60585 -0.1352514 0.7839981 0 0.5119358 0.8590238 0.1765862 0.9121412 0.3698865 0 0.8511033 0.5249984 1 0 0 -1 0 0 0.4572433 -0.8830684 0.1054459 0.8795146 -0.4446961 0.1694089 -0.09902679 -0.495145 0.8631484 0 1 0 1 1.77247e-7 0 -0.6260554 -0.7285989 0.2778457 0.0739327 -0.8177947 -0.5707415 0.09903407 -0.495181 0.8631269 -0.07055366 -0.9589269 -0.2747387 -0.4572303 -0.883044 0.1057067 0.7540617 -0.619825 0.2172738 -0.08604657 -0.5266804 0.8456972 0.08237892 -0.5122473 0.854878 0 -0.5852752 0.8108347 -0.0823791 -0.5122488 0.8548772 0.122983 -0.7392872 0.6620648 0.6246965 0 0.7808676 0.6209468 3.34356e-4 0.7838526 0.7757698 -0.02379316 0.6305674 -0.8641437 -0.01825469 0.5029141 -0.860944 -0.006873309 0.5086534 -0.8698728 0 0.4932761 -0.862464 0.006831765 0.5060723 -0.8698724 0 0.4932768 0.8641405 -0.01825487 0.5029195 0.8742123 -0.006550312 0.4854997 0.8698734 0 0.4932754 0.8624611 0.006839275 0.5060772 0.8680385 0.01801002 0.4961702 -1 0 0 -1 1.47922e-7 0 -0.4709855 0.3828995 0.7947079 -0.5622257 6.88395e-4 0.8269836 0.4709784 0.3829124 0.7947059 0.5622256 6.85025e-4 0.8269836 -0.1884394 0.5833371 0.7900686 -0.8680485 0.01801091 0.4961526 0.8698755 0 0.4932715 0.1637452 0.4847294 0.8592002 0.1308414 0.9306089 0.34183 -0.130844 0.9306079 0.3418313 -0.02328389 0.8135711 0.5809991 -0.1765859 0.9121407 0.3698876 0.05888211 0.7366172 0.6737419 -1.47721e-6 -0.9586586 0.2845591 0.02909219 -0.9581793 0.2846862 -2.54232e-6 -0.958799 0.2840855 -0.02909409 -0.9581781 0.28469 -0.0108425 0.9947775 -0.1014896 0 0.9864134 0.1642825 3.62371e-7 0.9801086 0.1984618 1 4.55047e-7 0 -7.85701e-4 0.9996781 -0.02536034 -0.05374348 0.8521839 -0.5204751 -0.8742119 -0.006557703 0.4855003 -0.1637444 0.484726 0.8592022 0.02328389 0.8135718 0.5809981 0.8755319 0.006521582 0.4831164 -0.844161 -0.01116621 0.5359736 -0.6642043 -0.02850031 0.7470076 0.8609433 -0.006874203 0.5086545 -0.8755317 0.006525516 0.4831168 -0.05888283 0.7366259 0.6737323 -0.5073589 0.1371133 0.8507568 1 -1.47922e-7 0 -1 0 0 -1 0 0 0.4572468 -0.8830663 0.1054484 -0.09902942 -0.4951581 0.8631406 -0.7541588 -0.6196579 0.2174133 0.07054048 -0.9589254 -0.2747478 0.09903317 -0.4951769 0.8631294 -0.07394671 -0.8178051 -0.5707247 -0.4572288 -0.8830447 0.1057073 0.6260353 -0.7286738 0.2776947 0.6246991 0 0.7808656 0.6246983 0 0.7808662 0.6246973 0 0.7808671 0.8441637 -0.01116603 0.5359693 0.6542528 -0.01575207 0.7561119 0.8441625 -0.01116627 0.5359711 -0.6246984 0 0.7808662 -0.6116135 0.001159727 0.7911559 -0.8641393 -0.01825481 0.5029215 -0.8609464 -0.006866514 0.5086494 -0.8698723 0 0.4932772 -0.8624617 0.00683844 0.5060761 -0.8698732 0 0.4932754 -0.869872 0 0.4932775 -0.8698731 0 0.4932757 0.8641448 -0.01825475 0.5029121 0.8742124 -0.006558895 0.4854994 0.8698739 0 0.4932742 0.8624649 0.006831765 0.5060709 0.8680409 0.01800972 0.496166 -1 3.54493e-7 0 -1 0 0 -0.868036 0.01801007 0.4961744 -0.8680396 0.01800966 0.4961684 -0.8680391 0.0180093 0.4961692 -1 1.60684e-7 0 0.8698725 0 0.4932767 0.1763122 0.5763955 0.7979238 -0.02328276 0.8135696 0.5810014 0.06165295 0.7794278 0.6234511 0.02874076 -0.9580524 0.2851484 -0.02874064 -0.9580506 0.2851547 7.8635e-4 0.9996781 -0.02535974 0.05394107 0.8512651 -0.521956 -3.6237e-7 0.9801088 0.1984612 -0.01105529 0.980731 0.1950502 0.01105535 0.9807308 0.1950507 -1 1.24512e-7 0 -1 1.86685e-7 0 -0.09607678 -0.6827749 0.7242844 0 -0.6782636 0.7348187 0.07683217 -0.5744963 0.8148931 0 -0.6010249 0.7992304 0.1103954 -0.5391919 0.8349163 -0.1103954 -0.5391924 0.8349159 0 0 1 -0.8698335 0 0.4933454 0.8698586 0 0.4933013 -0.8698337 0 0.4933452 0.8698616 0 0.493296 -0.1498581 0.8489862 0.5067198 0.1498577 0.8489834 0.5067247 0 0.8356022 0.5493351 0.1945027 0.9041386 0.3803972 -0.1945046 0.9041384 0.380397 -0.0232957 0.8135687 0.5810021 0.02326381 0.8135773 0.5809914 -0.1805169 0.5698081 0.801706 0.1666838 0.4756777 0.8636825 0.06083178 0.7343632 0.6760253 -0.06387174 0.7793046 0.6233818 -0.1610968 -0.696182 0.6995559 0.1610967 -0.6961823 0.6995557 0.09607666 -0.6827744 0.7242848 -0.07683217 -0.574496 0.8148934 -0.8698313 0 0.4933494 0.8698615 0 0.4932962 -0.8698258 0 0.493359 -0.8698429 0 0.4933289 -0.8698359 0 0.4933414 0.8698593 0 0.4932999 -0.02326375 0.8135752 0.5809943 0.0232957 0.8135672 0.5810042 -0.1666839 0.4756771 0.8636827 0.1805188 0.569815 0.8017006 0.06387174 0.7793046 0.6233818 -0.0608316 0.734361 0.6760277 -0.8742129 -0.006560504 0.4854985 -0.875535 0.006554305 0.4831104 -0.8624677 0.006830513 0.506066 -0.8711 -0.004806041 0.4910822 -0.8645235 -0.01027548 0.5024874 -0.8697715 -0.01382195 0.493261 -0.864127 -0.01825726 0.5029426 -0.8609892 -0.006821095 0.5085775 0.8742105 -0.006563484 0.4855028 0.8624663 0.006824254 0.5060687 0.8755304 0.006525158 0.4831191 0.8711045 -0.004813492 0.4910741 0.8645501 -0.01026821 0.5024417 0.8653708 -0.002993345 0.5011234 0.8641318 -0.01825481 0.5029344 0.8609572 -0.006843984 0.5086317 0.8680621 0.01800978 0.4961289 -0.8680726 0.01800751 0.4961106 -0.8724222 0.003794491 0.4887383 -0.8685378 0.01349902 0.4954393 -0.8663182 0.003712534 0.4994789 -0.8680821 0.01800614 0.496094 0.8722192 0.004502415 0.4890947 0.8665449 0.0104283 0.4989902 0.87285 0.01416301 0.4877833 1.40353e-6 0.7977857 0.6029411 0.1182498 0.7441391 0.6574755 -0.1182498 0.7441391 0.6574755 0.1209118 0.6694223 0.7329762 -0.8742074 -0.0066154 0.4855078 -0.8755434 0.006561994 0.4830951 -0.8624867 0.006786584 0.5060341 -0.8653482 -0.002909064 0.5011628 -0.864157 -0.01825225 0.5028913 -0.8609453 -0.006865382 0.5086513 0.8742132 -0.006560266 0.4854981 0.862469 0.006809353 0.5060642 0.8755336 0.006536126 0.4831131 0.8697682 -0.01383352 0.4932666 0.8641508 -0.01825559 0.5029018 0.8609544 -0.006859004 0.5086361 0.8680254 0.01801013 0.4961932 -0.8681032 0.01800769 0.4960572 -0.8632938 0.01498389 0.5044792 -0.8728262 0.0141533 0.4878259 -0.8680837 0.01800769 0.4960913 -0.8680569 0.01800733 0.4961383 0.8660105 0.002727508 0.5000186 -0.1209257 0.6694151 0.7329805 -0.9712129 0.2298559 -0.06254571 -0.4590699 0.07493478 -0.8852343 -0.7993918 0.5873765 0.1263396 0.9524394 -0.2826924 -0.1137731 0.4564481 -0.06849402 -0.8871099 0.8222337 -0.5473585 0.1559826 0.9966827 3.90237e-6 -0.08138686 0.4605658 -0.07977658 -0.8840333 0.7994377 -0.5873318 0.1262569 -0.9966824 -3.90237e-6 -0.08138871 -0.4587733 0.07496619 -0.8853853 -0.8200831 0.5516911 0.1519896 0 -0.1152043 0.9933418 0.08190673 -0.6509162 0.7547182 0.1847001 -0.3358041 0.9236457 0.4459065 0.790363 -0.4201117 0.9712241 0.2298097 -0.06254196 0.6153468 0.2514387 -0.747079 0 0.8641926 -0.5031613 -1.21884e-5 0.2553589 -0.9668464 -0.445906 0.7903633 -0.4201115 0.4176294 -0.6052963 0.6776446 0.799355 -0.5022985 0.3297388 -1.00103e-5 -0.2088297 -0.977952 0.08968085 -0.7628465 -0.6403301 0 -0.7463356 -0.6655698 1.22107e-5 0.2553579 -0.9668466 1.2243e-5 0.2553592 -0.9668464 -0.03319972 -0.2466829 -0.9685275 -0.4517087 -0.7106148 -0.5394312 -0.615745 -0.2661089 -0.7416498 -0.6153416 0.2514793 -0.7470695 0.5442571 -0.829312 -0.126593 0.4517088 -0.7106148 -0.5394309 0.1231598 -0.9807092 -0.1517934 -0.5442566 -0.8293124 -0.1265929 -0.08968085 -0.7628465 -0.6403301 -0.1231598 -0.9807092 -0.1517934 0 -0.988111 -0.1537428 0.03317135 -0.2466867 -0.9685275 0.9538054 -0.3003144 0.008164525 0.5442594 -0.8293111 0.1265898 -0.1847029 -0.3357462 0.9236663 -0.4176291 -0.6052965 0.6776446 -0.08190673 -0.6509162 0.7547181 -0.9524391 -0.2826928 -0.1137741 0 -0.641879 0.7668061 -0.9538053 -0.3003148 0.008164465 -0.7993569 -0.5023143 0.3297106 -0.5442589 -0.8293114 0.1265897 0.6157422 -0.2661187 -0.7416484 -0.1231569 -0.98071 0.1517899 0 -0.9881115 0.153739 0.1231569 -0.98071 0.1517899 -0.4515076 0.7123914 0.5372519 -0.9188597 0.3584239 0.1650128 0.09306812 0.7736822 0.6267009 0 0.8073691 0.5900468 -2.50141e-5 0.7559959 0.6545764 0.4515081 0.712391 0.5372518 -0.0931406 0.7736843 0.6266878 0.9188511 0.3584488 0.1650068 -0.4564425 -0.06852704 -0.8871101 0.8200872 0.551687 0.1519818 0.647157 -3.10478e-5 -0.7623568 -0.9162918 -0.1701813 0.3625575 0.7994415 0.5873315 0.1262345 -0.7994073 -0.5873628 0.1263055 -0.6471555 3.10478e-5 -0.7623581 0.9162912 -0.1701781 0.36256 -0.2657012 0.8043682 0.5314083 -0.7455662 -0.3970718 0.5352244 -0.7621571 -0.6359077 -0.1214008 -0.44721 0 0.894429 -0.9223698 0.1781662 0.3427693 -0.9223636 -0.1781313 0.3428041 0.2262213 -0.8626224 0.4524449 0.7580797 -0.3528341 0.5484737 0.2262206 0.862624 0.4524425 0.4472118 0 0.8944282 -0.8222334 -0.5473589 0.1559823 -0.7580725 -0.3528399 0.5484798 -0.7660063 -0.6360809 -0.09292787 0.2657027 0.8043677 0.5314084 -0.7455633 0.3970756 0.5352255 0.447212 0 0.894428 -0.9893725 0.05145996 -0.1359928 -0.7660351 0.6360376 -0.09298658 -0.8457062 -0.1888679 -0.4991092 1 1.20996e-6 0 0.9893726 0.05146002 -0.1359915 0.7660063 -0.6360812 -0.09292513 0.8457086 -0.1888678 -0.4991052 0.7660439 0.6360386 -0.09290695 0.4587467 0.07503861 -0.885393 1 2.414e-6 0 0.7510452 0.6516634 -0.106141 0.4605483 0.07984334 -0.8840364 0.8543394 -0.1260471 -0.5041987 0.7510345 -0.6516634 -0.1062173 0.8543394 0.1260462 -0.5041989 -0.7621475 0.6359178 -0.1214081 -0.9887052 -0.05260372 -0.1403391 -0.9887211 0.05254566 -0.1402481 -0.4591223 -0.07490682 -0.8852095 -0.8459903 0.1871487 -0.4992755 -0.2657024 0.8043681 0.5314079 -0.4472084 0 0.8944298 0.2262216 -0.8626229 0.4524441 0.2262204 0.8626239 0.4524428 0.4472106 0 0.8944287 0.265703 0.8043671 0.5314092 0.4472106 0 0.8944287 -1 2.01661e-6 0 1 -2.41398e-6 0 0.1028798 -0.9408797 0.3227405 -0.1028966 -0.9408686 0.322767 0.1926311 -0.9631577 0.1876713 -0.1926273 -0.9631381 0.187776 0 0 -1 0 0 -1 -1.40446e-7 0 -1 0 0 -1 0 0 -1 0 0 -1 0 0 -1 0 0 -1 0.2153147 0.9765448 1.94186e-6 -0.2153171 0.9577802 -0.190514 -0.2153148 0.9765448 -8.91772e-7 0.2153156 0.9022093 -0.3737079 -0.2153121 0.9022102 -0.3737078 -0.215313 0.8119668 -0.5425406 0.2153127 0.8119678 -0.5425392 -0.2153131 0.6905223 -0.690521 0.215313 0.6905239 -0.6905195 -0.2153151 0.5425398 -0.8119668 0.2153155 0.5425412 -0.8119658 -0.2153145 0.3737066 -0.9022102 0.2153146 0.3737083 -0.9022094 -0.215314 0.1905124 -0.9577812 0.2153131 0.1905156 -0.9577809 -0.2153131 -1.84848e-6 -0.9765451 0.215312 6.91403e-7 -0.9765453 -0.2153142 -0.1905154 -0.9577806 0.2153134 -0.1905139 -0.9577812 -0.2153171 -0.3737077 -0.902209 0.2153149 -0.5425407 -0.8119663 -0.2153145 -0.5425382 -0.8119681 0.2153126 -0.6905243 -0.6905192 -0.2153127 -0.6905217 -0.6905217 0.2153096 -0.8119695 -0.5425379 -0.2153101 -0.8119678 -0.5425403 0.2153117 -0.9022092 -0.3737105 -0.2153059 -0.9022101 -0.3737117 -0.2153175 -0.9577794 -0.1905178 0.2153143 -0.9765448 2.03091e-6 -0.2153144 -0.9765448 -2.04576e-6 0.2153176 -0.9577794 0.1905176 -0.2153133 -0.9577798 0.1905205 -0.2153099 -0.9022094 0.3737109 0.215309 -0.9022095 0.3737113 -0.2153102 -0.8119678 0.5425403 0.2153121 -0.8119689 0.5425378 -0.2153121 -0.6905216 0.690522 0.2153139 -0.6905238 0.6905192 -0.2153173 -0.5425394 0.8119664 0.215315 -0.3737036 0.9022113 -0.2153152 -0.3737069 0.9022099 0.2153153 -0.1905123 0.957781 -0.2153094 -0.1905124 0.9577823 -0.2153141 2.16943e-6 0.9765449 0.2153143 -5.75135e-7 0.9765449 -0.2153139 0.190518 0.9577802 0.2153137 0.1905154 0.9577808 -0.2153114 0.3737082 0.9022102 0.215312 0.3737069 0.9022107 -0.2153126 0.5425435 0.811965 0.2153115 0.5425417 0.8119665 -0.2153128 0.6905244 0.690519 0.2153123 0.6905224 0.6905212 -0.2153124 0.8119683 0.5425387 0.2153127 0.8119665 0.5425412 -0.2153161 0.90221 0.3737058 0.8292748 -0.213858 0.5163024 0.8292724 -0.1090257 0.5481064 0.2153151 0.9577809 0.1905131 -0.21531 0.957782 0.1905132 -0.829275 0.5588408 4.0397e-7 -0.8292758 0.5481019 0.1090233 0.829272 -0.3951634 -0.3951631 0.9763787 0.1796532 0.1200395 0.8292726 -0.4646623 -0.3104772 -0.8292714 0.3104819 0.4646612 -0.9763796 -0.08268415 -0.1996154 -0.829275 0.2138583 0.5163018 -0.8292776 0.3104729 -0.4646561 0.8292751 0.5588408 2.29203e-7 -0.8292722 -0.5163052 -0.213861 0.8292781 0.3104727 -0.4646555 0.8292726 0.2138601 -0.5163051 -0.8292732 6.33343e-7 0.5588436 -0.8292747 -0.1090251 0.5481031 0.8292756 -0.5481012 -0.1090285 0.2153128 -0.9577799 -0.1905204 0.8292751 5.4865e-7 0.5588408 -0.8292723 0.2138602 -0.5163053 -0.8292741 -0.5481044 -0.1090243 0.8292738 0.1090248 -0.5481045 0.8292737 -0.558843 3.2948e-7 0.829274 0.1090262 0.5481039 -0.8292745 0.1090235 -0.5481038 -0.8292737 -0.5588428 -3.8105e-7 0.8292776 -2.29203e-7 -0.5588369 -0.8292725 0.1090257 0.5481064 0.8292787 -0.5480976 0.1090225 0.8292706 0.2138624 0.5163073 -0.8292745 -0.1090239 -0.5481037 -0.8292782 -2.34933e-7 -0.5588362 -0.829278 -0.5480976 0.1090278 0.8292739 -0.1090252 -0.5481044 -0.8292725 0.5481067 -0.1090244 0.829269 -0.5163094 0.2138639 0.8292709 0.5481088 -0.1090259 0.2153122 0.9577812 -0.1905152 0.8292722 0.3104803 0.4646608 -0.8292726 -0.2138608 -0.5163049 -0.8292683 -0.5163111 0.2138623 0.8292727 -0.2138608 -0.5163046 0.2153117 -0.3737081 -0.9022101 0.8292753 -0.4646593 0.3104743 -0.8292732 0.5163043 -0.2138597 0.8292766 0.3951596 0.3951573 -0.8292774 -0.3104725 -0.4646567 0.8292737 0.5163033 -0.2138601 -0.829275 -0.4646587 0.3104759 0.8292779 -0.3104723 -0.4646561 -0.8292776 0.3951586 0.3951563 0.8292739 -0.3951615 0.395161 0.8292752 0.4646587 0.3104755 -0.8292719 -0.3951638 -0.3951629 0.8292739 0.4646602 -0.3104767 -0.8292743 -0.3951607 0.3951611 -0.8292718 0.5163061 0.2138606 -0.8292753 0.4646584 0.3104755 0.8292739 -0.310476 0.4646608 0.215313 -0.5425401 0.8119671 -0.8292742 0.4646601 -0.310476 0.8292707 0.5163081 0.2138605 0.2153118 0.9022111 0.3737059 -0.8292733 -0.4646611 -0.3104772 0.8292745 0.3951614 -0.3951599 -0.8292758 -0.3104739 0.4646588 -0.8292744 0.3951608 -0.3951606 0.829277 0.5481004 0.1090228 -0.8292757 -0.2138574 0.5163012 0.8292703 -0.5163081 -0.2138617 0.9763786 0.211915 -0.04215359 0.8944271 0.4472137 0 0.8944259 0.4386227 -0.08724933 -0.9763781 -0.04215192 0.2119178 -0.976377 -0.08268773 0.1996266 -0.9763781 0.1996222 0.08268558 -0.9763785 0.1796534 0.1200408 -0.9763789 0.1527812 -0.1527818 -0.9763782 -0.2160688 4.53725e-7 -0.9763789 -0.1527817 -0.1527813 -0.976378 -0.1200421 -0.1796549 -0.976379 1.70677e-7 0.2160652 -0.9763786 0.1200405 -0.1796529 -0.9763787 -0.1996191 0.082686 -0.976377 -0.2119224 0.04215258 -0.9763786 0.216067 0 -0.9763771 0.2119215 0.04215425 -0.9763779 0.08268576 -0.1996226 -0.9763784 -0.1796535 0.1200419 -0.976377 -0.1796599 -0.1200435 -0.9763781 0.04215216 0.2119178 -0.9763786 0.2119153 -0.04215306 -0.9763786 0.0421518 -0.2119158 -0.9763784 -0.1527832 0.1527826 -0.9763786 -0.2119159 -0.04215162 -0.9763768 -0.1996278 -0.08268809 -0.9763788 0.1200397 0.1796522 -0.9763768 0.08268773 0.1996272 -0.9763786 0 -0.216067 -0.9763787 -0.1200396 0.1796533 -0.9763793 0.1796513 -0.1200374 -0.9763767 0.1996283 -0.08268767 -0.9763775 -0.04215264 -0.2119204 -0.9763776 0.1527833 0.1527875 -0.894425 -0.4386255 0.08724534 0.9763793 0.1796504 -0.1200379 0.9763789 0.1527808 -0.1527822 0.9763785 -0.1200408 -0.1796535 0.9763784 -0.04215216 0.2119166 0.9763779 0.1996237 0.08268564 0.9763786 0.1200402 -0.1796532 0.976378 -0.2160693 5.17502e-7 0.9763772 -0.211922 0.04215264 0.9763788 -0.1527816 -0.1527819 0.9763793 1.703e-7 0.2160635 0.9763777 0.211919 0.04215419 0.9763777 0.08268666 -0.1996234 0.9763789 -0.1996184 0.082686 0.9763771 -0.1796589 -0.1200439 0.9763784 0.04215234 0.2119163 0.9763785 0.2160674 0 0.9763777 0.04215312 -0.2119197 0.9763784 -0.1796544 0.1200405 0.9763772 -0.1996256 -0.08268743 0.9763771 0.08268755 0.1996257 0.9763791 -2.66684e-7 -0.2160646 0.9763789 -0.1527826 0.1527808 0.9763784 -0.2119168 -0.04215186 0.9763793 0.1200384 0.1796506 0.9763771 0.1996261 -0.0826869 0.9763782 -0.04215258 -0.2119172 0.9763792 -0.1200383 0.1796514 0.9763779 0.1527841 0.1527858 0.976378 -0.08268678 -0.1996219 0.9763773 -0.08268755 0.1996253 -0.8944256 -0.3162295 -0.3162308 -0.8944285 -0.4131679 0.1711431 0.894424 0.4131783 -0.1711418 -0.8944224 -0.3718536 -0.2484623 -0.8944278 -0.3162283 0.3162255 -0.8944272 -0.3718447 0.2484583 0.8944283 0.3718429 -0.2484575 -0.8944242 -0.4131782 -0.1711413 -0.8944261 -0.2484601 0.3718465 0.8944301 0.3162218 -0.3162256 -0.8944258 -0.438624 -0.08724391 0.8944293 0.248457 -0.3718406 -0.8944245 -0.1711439 0.4131761 0.8944268 0.1711418 -0.4131722 -0.8944262 -0.08724457 0.438623 0.8944274 0.08724576 -0.4386205 -0.8944267 0.08724516 0.4386221 -0.8944261 4.13689e-7 0.4472158 0.8944269 -1.03197e-6 -0.4472144 -0.8944243 0.1711437 0.4131769 0.8944265 -0.08724743 -0.4386219 -0.8944255 0.2484623 0.3718463 0.8944277 -0.1711404 -0.4131708 -0.8944279 0.3162238 0.31623 0.8944283 -0.2484571 -0.3718429 0.8944265 -0.447215 1.14889e-6 0.8944257 -0.4386239 0.08724558 -0.8944279 0.3718429 0.2484585 0.8944249 -0.316231 -0.3162315 0.8944299 -0.4131651 0.1711432 0.8944227 -0.3718532 -0.248462 0.8944275 -0.3718453 0.2484567 -0.8944243 0.4131779 0.1711413 0.8944244 -0.4131772 -0.1711422 0.8944286 -0.3162278 0.316224 -0.8944269 0.4472144 0 -0.8944258 0.4386237 0.08724719 0.8944252 -0.4386249 -0.08724552 0.8944287 -0.248456 0.3718429 0.8944265 -0.1711431 0.4131724 -0.894424 0.4131783 -0.1711414 -0.8944256 0.4386239 -0.08724725 0.894428 -0.0872451 0.4386191 -0.8944283 0.3718432 -0.2484567 0.8944283 4.13689e-7 0.4472114 0.8944283 0.0872457 0.4386186 -0.8944295 0.2484568 -0.3718401 -0.8944305 0.3162207 -0.3162256 0.8944259 0.1711429 0.4131736 -0.894428 0.1711398 -0.4131705 0.894428 0.2484583 0.3718428 0.8944286 0.316224 0.3162275 -0.8944287 0.08724439 -0.4386179 0.8944277 0.3718441 0.2484574 -0.8944282 -1.47545e-6 -0.4472119 0.8944242 0.4131779 0.1711415 -0.8944272 -0.08724665 -0.4386206 0.8944256 0.4386234 0.08724927 -0.8944295 -0.1711404 -0.4131672 -0.8944268 -0.4472143 9.2181e-7 -0.8944289 -0.2484571 -0.3718415 0.2153118 0.9765453 3.39145e-6 -0.2153127 0.9577808 -0.1905156 -0.215312 0.9765453 0 0.2153171 0.9022089 -0.3737081 -0.2153153 0.90221 -0.3737064 -0.2153103 0.8119689 -0.5425385 0.2153103 0.8119702 -0.5425367 -0.2153123 0.6905193 -0.6905243 0.2153123 0.6905217 -0.6905218 -0.2153115 0.542539 -0.8119683 0.215312 0.5425413 -0.8119666 -0.2153134 0.3737069 -0.9022102 0.2153136 0.3737088 -0.9022094 -0.2153145 0.1905115 -0.9577814 0.2153136 0.1905144 -0.957781 -0.2153131 -1.16388e-6 -0.976545 0.2153121 1.3791e-6 -0.9765453 -0.2153145 -0.1905156 -0.9577805 0.2153136 -0.1905137 -0.9577811 -0.2153179 -0.3737074 -0.9022091 0.2153159 -0.5425406 -0.811966 -0.2153155 -0.5425385 -0.8119676 0.2153151 -0.6905222 -0.6905205 -0.2153151 -0.6905201 -0.6905226 0.2153135 -0.8119682 -0.5425384 -0.215314 -0.8119664 -0.5425407 0.2153147 -0.9022099 -0.3737068 -0.2153093 -0.9022112 -0.3737069 -0.2153171 -0.9577801 -0.1905145 0.2153134 -0.9765451 1.9369e-6 -0.2153128 -0.9765452 -7.34072e-7 0.2153148 -0.9577805 0.1905152 -0.2153095 -0.9577819 0.190515 -0.2153136 -0.9022099 0.3737078 0.2153137 -0.9022104 0.3737063 -0.2153152 -0.8119664 0.5425402 0.215315 -0.8119678 0.5425382 -0.2153143 -0.6905206 0.6905224 0.2153158 -0.6905223 0.6905202 -0.2153182 -0.5425397 0.8119661 0.2153157 -0.3737032 0.9022112 -0.2153154 -0.3737064 0.9022099 0.2153152 -0.1905122 0.9577811 -0.2153093 -0.190512 0.9577823 -0.2153145 2.04575e-6 0.9765449 0.2153147 -7.63136e-7 0.9765448 -0.2153139 0.1905183 0.9577801 0.2153137 0.1905155 0.9577807 -0.2153129 0.3737092 0.9022095 0.215314 0.3737068 0.9022101 -0.215317 0.5425427 0.8119643 0.2153165 0.5425398 0.8119664 -0.215314 0.6905255 0.6905174 0.2153134 0.6905232 0.6905201 -0.2153086 0.8119694 0.5425384 0.2153092 0.8119677 0.5425407 -0.2153109 0.9022112 0.3737062 0.8292755 -0.2138569 0.5163017 0.8292722 -0.1090258 0.5481068 0.215311 0.9577817 0.1905134 -0.2153064 0.9577826 0.1905143 -0.8292742 0.558842 1.22337e-6 -0.8292732 0.5481057 0.1090235 0.8292734 -0.395161 -0.3951627 0.9763792 0.1796512 0.1200383 0.8292768 -0.4646565 -0.3104745 -0.8292745 0.3104779 0.4646582 -0.9763788 -0.08268451 -0.1996189 -0.8292766 0.2138577 0.5162997 -0.8292751 0.3104759 -0.4646586 0.8292742 0.5588421 1.06006e-6 -0.8292704 -0.5481094 -0.1090258 -0.8292754 -0.5163015 -0.2138581 0.8292757 0.3104756 -0.4646578 0.829272 0.2138594 -0.5163062 -0.8292732 5.06567e-7 0.5588436 -0.8292745 -0.1090252 0.5481035 0.8292741 -0.5481039 -0.1090258 0.2153105 -0.9577815 -0.1905152 0.8292751 4.22589e-7 0.5588408 -0.8292719 0.2138594 -0.5163065 0.8292745 0.1090239 -0.5481039 0.8292747 -0.5588414 3.50964e-7 0.8292739 0.1090267 0.5481041 -0.829275 0.1090225 -0.5481032 -0.8292757 -0.5588397 7.82151e-7 0.8292773 0 -0.5588373 -0.8292722 0.1090263 0.5481067 0.8292727 -0.5481061 0.109025 0.8292726 0.2138615 0.5163045 -0.8292746 -0.1090239 -0.5481036 -0.8292779 0 -0.5588366 -0.8292717 -0.5163066 0.2138599 -0.829275 -0.5481028 0.1090245 0.8292739 -0.1090252 -0.5481044 -0.8292679 0.5481125 -0.1090295 0.8292742 -0.5163031 0.2138592 0.8292675 0.5481136 -0.1090275 0.2153062 0.9577826 -0.1905145 0.8292755 0.3104762 0.4646577 -0.8292729 -0.2138598 -0.5163047 -0.8292735 -0.4646607 0.310477 0.8292731 -0.2138598 -0.5163045 0.2153124 -0.3737077 -0.9022101 0.8292748 -0.4646595 0.3104756 -0.8292749 0.516302 -0.2138583 0.8292754 0.3951605 0.3951591 -0.8292776 -0.3104729 -0.4646561 0.8292765 0.5162988 -0.2138605 0.8292781 -0.3104727 -0.4646554 -0.8292767 0.395159 0.3951576 0.8292764 -0.3951585 0.395159 0.8292729 0.4646608 0.3104783 -0.8292733 -0.3951613 -0.3951624 0.829271 0.4646658 -0.3104761 -0.829278 -0.395156 0.3951578 -0.8292682 0.5163116 0.2138615 -0.8292727 0.4646609 0.3104785 0.2153128 -0.5425391 0.8119679 0.829276 -0.3104735 0.4646584 -0.8292712 0.4646662 -0.3104748 0.8292671 0.5163128 0.2138625 0.2153062 0.9022122 0.3737065 -0.8292753 -0.4646583 -0.3104757 0.8292741 0.3951601 -0.3951624 -0.8292759 -0.3104742 0.4646584 -0.8292738 0.3951595 -0.3951631 0.8292745 0.5481041 0.1090219 -0.8292759 -0.2138568 0.5163013 0.8292708 -0.5163074 -0.2138613 0.9763777 0.2119196 -0.04215383 0.8944267 0.4472148 -3.95699e-7 0.8944268 0.438621 -0.08724802 -0.9763781 -0.04215204 0.2119178 -0.9763769 -0.08268773 0.1996269 -0.9763781 0.1996219 0.08268624 -0.9763782 0.1796543 0.1200417 -0.9763796 0.1527786 -0.1527794 -0.9763782 -0.2160685 1.97708e-7 -0.9763788 -0.1527817 -0.1527819 -0.9763782 -0.1200417 -0.1796542 -0.976379 1.89809e-7 0.2160651 -0.9763786 0.1200404 -0.1796528 -0.9763787 -0.1996192 0.08268582 -0.9763773 -0.211921 0.04215294 -0.9763786 0.216067 0 -0.9763777 0.2119192 0.04215347 -0.9763779 0.08268588 -0.1996228 -0.9763786 -0.1796523 0.1200411 -0.9763782 -0.179656 -0.1200395 -0.976378 0.0421521 0.2119182 -0.9763786 0.0421518 -0.2119159 -0.9763783 -0.1527833 0.1527833 -0.9763788 -0.2119145 -0.04215139 -0.9763768 -0.1996269 -0.08268904 -0.9763788 0.1200397 0.1796524 -0.976377 0.08268779 0.1996267 -0.9763782 0.2119169 -0.04215317 -0.9763786 0 -0.2160674 -0.9763787 -0.1200397 0.1796529 -0.9763785 0.1796545 -0.1200396 -0.9763767 0.1996281 -0.08268803 -0.9763777 -0.04215312 -0.2119194 -0.9763776 0.1527834 0.1527873 -0.8944262 -0.438623 0.08724641 0.9763796 0.1527785 -0.15278 0.9763787 -0.1200397 -0.1796533 0.9763785 -0.04215222 0.2119161 0.9763772 0.1996262 0.08268737 0.9763786 0.1200402 -0.1796532 0.9763782 -0.216069 2.6361e-7 0.9763775 -0.2119206 0.042153 0.9763786 -0.152782 -0.1527828 0.9763793 1.88521e-7 0.2160638 0.9763783 0.2119164 0.04215359 0.9763779 0.08268666 -0.1996229 0.9763789 -0.1996185 0.08268582 0.9763784 -0.1796546 -0.1200397 0.9763783 0.04215234 0.2119164 0.9763785 0.2160672 0 0.9763776 0.04215312 -0.21192 0.9763787 -0.1796529 0.1200394 0.9763775 -0.1996244 -0.08268815 0.9763773 0.08268761 0.1996253 0.9763791 -1.69504e-7 -0.2160646 0.9763788 -0.1527829 0.1527805 0.9763786 -0.2119151 -0.04215186 0.9763792 0.1200384 0.1796511 0.9763775 0.1996245 -0.0826869 0.9763783 -0.04215312 -0.2119166 0.9763792 -0.1200383 0.1796513 0.9763778 0.1527842 0.1527855 0.9763785 0.179654 -0.1200402 0.9763776 -0.08268737 -0.1996242 0.9763772 -0.08268761 0.1996254 -0.8944263 -0.3162291 -0.3162293 -0.8944288 -0.4131673 0.1711428 0.8944247 0.4131764 -0.1711423 -0.8944274 -0.3718467 -0.2484544 -0.8944273 -0.3162282 0.3162271 -0.8944289 -0.3718419 0.2484568 0.8944275 0.3718441 -0.2484582 -0.8944242 -0.4131765 -0.1711452 -0.8944261 -0.2484602 0.3718463 0.8944298 0.3162224 -0.3162261 -0.8944271 -0.4386216 -0.08724379 0.8944293 0.248457 -0.3718406 -0.894425 -0.171144 0.4131751 0.8944268 0.1711418 -0.413172 -0.8944266 -0.08724457 0.4386222 0.894427 0.08724576 -0.4386212 -0.8944263 0.08724492 0.438623 -0.8944265 4.29428e-7 0.447215 0.8944269 -8.02644e-7 -0.4472144 -0.8944247 0.171144 0.4131759 0.8944265 -0.08724832 -0.4386217 -0.8944254 0.248462 0.3718465 0.8944263 -0.171143 -0.413173 -0.8944278 0.316224 0.3162299 0.8944278 -0.2484566 -0.3718444 0.8944268 -0.4472147 4.67649e-7 0.8944269 -0.4386214 0.08724665 -0.8944272 0.3718438 0.2484595 0.8944253 -0.3162308 -0.3162303 0.8944301 -0.4131646 0.171143 0.8944283 -0.3718453 -0.2484534 0.8944287 -0.3718426 0.2484558 -0.8944251 0.413176 0.1711421 0.8944238 -0.413177 -0.1711457 0.894428 -0.3162288 0.3162243 -0.8944262 0.4472155 -2.88343e-7 -0.8944275 0.4386203 0.08724653 0.8944261 -0.4386233 -0.08724582 0.8944285 -0.248456 0.3718433 0.8944268 -0.1711431 0.4131716 -0.8944245 0.413177 -0.1711418 -0.8944264 0.438622 -0.08724778 0.8944286 -0.0872451 0.4386182 -0.8944277 0.3718443 -0.2484573 0.894428 4.29427e-7 0.4472121 0.8944282 0.08724552 0.438619 -0.8944298 0.2484567 -0.3718397 -0.8944306 0.3162211 -0.3162251 0.8944265 0.1711431 0.4131724 -0.8944277 0.17114 -0.4131709 0.8944278 0.2484581 0.3718435 0.8944287 0.3162243 0.3162271 -0.8944289 0.08724445 -0.4386179 0.8944272 0.3718451 0.2484579 -0.894428 -1.23825e-6 -0.447212 0.8944246 0.4131767 0.1711421 -0.8944277 -0.08724749 -0.4386197 0.8944271 0.4386205 0.08724915 -0.8944275 -0.1711414 -0.4131709 -0.8944271 -0.4472141 2.42818e-7 -0.8944296 -0.248457 -0.3718401 0.2153123 0.9765453 2.90661e-6 -0.215313 0.9577808 -0.1905158 -0.2153123 0.9765453 -5.16386e-7 0.2153175 0.9022088 -0.3737081 -0.215316 0.90221 -0.3737062 -0.2153105 0.8119692 -0.542538 0.2153107 0.8119698 -0.542537 -0.2153127 0.6905197 -0.6905238 0.2153127 0.6905218 -0.6905216 -0.215312 0.542539 -0.8119682 0.2153124 0.5425413 -0.8119665 -0.2153139 0.3737071 -0.90221 0.215314 0.3737087 -0.9022094 -0.2153146 0.1905116 -0.9577813 0.2153137 0.190514 -0.957781 -0.2153136 -1.24057e-6 -0.976545 0.2153125 1.37291e-6 -0.9765452 -0.2153146 -0.1905157 -0.9577805 0.2153137 -0.190513 -0.9577812 -0.2153182 -0.3737075 -0.9022089 0.2153161 -0.5425403 -0.8119663 -0.2153158 -0.5425385 -0.8119674 0.2153154 -0.690522 -0.6905206 -0.2153155 -0.6905205 -0.6905221 0.215314 -0.8119679 -0.5425386 -0.2153139 -0.8119669 -0.54254 0.2153147 -0.90221 -0.3737067 -0.2153097 -0.902211 -0.3737073 -0.2153174 -0.9577801 -0.1905147 0.215314 -0.9765449 2.23127e-6 -0.2153131 -0.9765451 -7.87257e-7 0.215315 -0.9577805 0.190515 -0.2153097 -0.9577817 0.1905148 -0.215313 -0.9022099 0.373708 0.2153139 -0.9022105 0.3737061 -0.2153148 -0.8119667 0.5425401 0.2153144 -0.8119684 0.5425378 -0.215314 -0.690521 0.6905221 0.2153153 -0.690523 0.6905196 -0.2153179 -0.5425393 0.8119664 0.2153154 -0.3737035 0.9022111 -0.215315 -0.3737062 0.9022101 0.215315 -0.1905122 0.9577811 -0.215309 -0.190512 0.9577825 -0.2153142 1.97648e-6 0.9765449 0.2153144 -5.71424e-7 0.9765449 -0.2153134 0.1905181 0.9577803 0.2153133 0.1905156 0.9577808 -0.2153124 0.3737092 0.9022096 0.2153136 0.3737074 0.90221 -0.2153169 0.5425422 0.8119647 0.2153164 0.5425409 0.8119657 -0.2153137 0.6905252 0.6905179 0.215313 0.6905238 0.6905196 -0.2153083 0.8119694 0.5425385 0.215309 0.811968 0.5425404 -0.21531 0.9022114 0.3737059 0.8292753 -0.2138572 0.5163019 0.829272 -0.1090259 0.5481071 0.2153113 0.9577817 0.1905134 -0.2153064 0.9577828 0.190513 -0.829274 0.5588423 2.05137e-6 -0.829273 0.5481059 0.1090242 0.8292735 -0.395161 -0.3951622 0.9763789 0.1796529 0.1200387 0.8292772 -0.464656 -0.3104746 -0.8292744 0.3104779 0.4646588 -0.9763787 -0.08268475 -0.1996194 -0.829276 0.2138589 0.5163002 -0.8292754 0.3104752 -0.4646587 0.8292739 0.5588424 1.88806e-6 -0.8292707 -0.5481092 -0.1090255 -0.8292757 -0.5163009 -0.2138579 0.829276 0.310474 -0.4646582 0.8292721 0.2138589 -0.5163065 -0.8292727 0 0.5588442 -0.829274 -0.1090256 0.548104 0.8292741 -0.5481039 -0.1090255 0.2153106 -0.9577816 -0.1905144 0.8292748 5.24297e-7 0.5588411 -0.8292721 0.2138592 -0.5163064 0.8292744 0.1090232 -0.5481041 0.8292749 -0.558841 3.50964e-7 0.8292738 0.1090261 0.5481044 -0.829275 0.1090228 -0.5481032 -0.8292759 -0.5588396 1.10876e-6 0.8292775 0 -0.558837 -0.8292717 0.1090264 0.5481073 0.8292729 -0.548106 0.109025 0.8292723 0.2138615 0.5163049 -0.8292746 -0.1090241 -0.5481036 -0.8292782 0 -0.5588361 -0.8292717 -0.5163064 0.2138606 -0.8292753 -0.5481024 0.1090247 0.8292738 -0.1090245 -0.5481045 -0.8292679 0.5481127 -0.1090286 0.8292743 -0.5163029 0.2138585 0.8292677 0.5481132 -0.1090272 0.2153066 0.9577827 -0.1905137 0.8292753 0.3104764 0.4646577 -0.8292731 -0.2138596 -0.5163045 -0.8292731 -0.4646614 0.3104771 0.8292732 -0.2138594 -0.5163046 0.2153127 -0.3737074 -0.9022102 0.8292751 -0.4646596 0.3104747 -0.8292752 0.5163017 -0.2138579 0.829275 0.3951606 0.3951596 -0.8292779 -0.3104722 -0.4646561 0.8292768 0.5162981 -0.2138609 0.8292785 -0.3104711 -0.4646558 -0.829276 0.3951597 0.3951585 0.829276 -0.3951593 0.3951588 0.8292731 0.4646615 0.3104771 -0.8292736 -0.3951609 -0.3951623 0.8292711 0.4646657 -0.3104758 -0.8292775 -0.3951569 0.395158 -0.8292679 0.5163117 0.2138623 -0.8292726 0.4646614 0.3104784 0.2153123 -0.5425394 0.8119678 0.8292757 -0.3104737 0.464659 -0.829271 0.4646667 -0.3104749 0.8292676 0.5163125 0.2138618 0.2153072 0.9022119 0.3737065 -0.8292753 -0.4646589 -0.3104752 0.8292741 0.3951599 -0.3951625 -0.8292755 -0.3104739 0.4646592 -0.8292739 0.3951597 -0.3951628 0.8292744 0.5481039 0.1090231 -0.8292755 -0.2138569 0.5163018 0.829271 -0.5163071 -0.2138614 0.9763775 0.2119199 -0.04215383 0.8944269 0.4472143 -4.0694e-7 0.8944283 0.4386181 -0.08724814 -0.9763783 -0.04215258 0.2119166 -0.9763772 -0.08268809 0.1996259 -0.9763783 0.1996207 0.08268576 -0.9763786 0.1796522 0.1200411 -0.9763796 0.1527788 -0.1527798 -0.9763782 -0.2160685 1.91026e-7 -0.9763786 -0.1527822 -0.1527827 -0.976378 -0.120043 -0.179655 -0.9763792 1.86165e-7 0.2160643 -0.9763786 0.1200407 -0.1796532 -0.9763789 -0.1996184 0.08268547 -0.9763776 -0.21192 0.04215294 -0.9763785 0.2160677 0 -0.9763781 0.2119173 0.04215323 -0.9763779 0.08268535 -0.1996231 -0.9763789 -0.1796513 0.1200404 -0.9763785 -0.1796548 -0.1200394 -0.9763782 0.0421527 0.2119169 -0.9763784 0.0421521 -0.2119164 -0.9763785 -0.1527824 0.1527827 -0.9763788 -0.2119144 -0.04215127 -0.976377 -0.1996263 -0.08268857 -0.9763789 0.1200394 0.1796517 -0.9763771 0.08268809 0.1996259 -0.9763787 0.2119148 -0.04215294 -0.9763784 -6.34602e-7 -0.2160679 -0.9763789 -0.1200394 0.1796522 -0.9763786 0.1796541 -0.1200396 -0.9763769 0.199627 -0.08268755 -0.9763776 -0.04215365 -0.2119199 -0.9763777 0.1527837 0.1527866 -0.8944281 -0.4386186 0.08724659 0.9763793 0.1527782 -0.152782 0.9763782 -0.1200411 -0.1796546 0.9763785 -0.042153 0.2119157 0.9763772 0.1996262 0.08268737 0.9763782 0.1200419 -0.1796548 0.976378 -0.2160695 2.72114e-7 0.9763776 -0.2119199 0.042153 0.9763779 -0.1527836 -0.1527851 0.9763793 1.88594e-7 0.2160633 0.9763786 0.2119151 0.04215359 0.9763775 0.08268719 -0.1996247 0.9763787 -0.1996187 0.08268582 0.9763784 -0.1796539 -0.1200413 0.9763785 0.04215312 0.211916 0.9763786 0.2160671 0 0.976377 0.04215443 -0.211922 0.9763784 -0.1796544 0.1200399 0.9763774 -0.1996244 -0.08268821 0.9763775 0.08268582 0.199625 0.9763787 -7.37086e-7 -0.2160665 0.9763789 -0.1527817 0.1527808 0.9763787 -0.2119146 -0.04215192 0.9763793 0.1200377 0.1796507 0.9763774 0.1996251 -0.0826869 0.9763778 -0.04215401 -0.2119184 0.9763793 -0.1200378 0.1796509 0.9763779 0.1527841 0.1527857 0.9763782 0.1796541 -0.1200422 0.9763771 -0.08268785 -0.1996261 0.9763775 -0.08268588 0.1996251 -0.8944258 -0.3162299 -0.3162299 -0.8944304 -0.4131641 0.1711422 -0.894429 -0.3718438 -0.2484531 -0.8944286 -0.316226 0.3162257 -0.8944305 -0.3718389 0.2484554 0.8944271 0.3718439 -0.2484598 -0.8944255 -0.4131739 -0.1711449 -0.894427 -0.2484585 0.371845 0.8944295 0.3162206 -0.3162288 -0.8944281 -0.4386192 -0.08724397 0.8944273 0.2484595 -0.3718436 -0.8944259 -0.1711441 0.4131733 0.8944251 0.1711427 -0.4131754 -0.8944275 -0.08724611 0.4386203 0.8944249 0.08724749 -0.4386252 -0.8944272 0.08724653 0.4386205 -0.8944269 4.13689e-7 0.4472143 0.8944252 -1.88408e-6 -0.4472176 -0.8944254 0.1711441 0.4131742 0.8944247 -0.08724939 -0.4386252 -0.8944267 0.2484595 0.3718453 0.8944241 -0.1711453 -0.4131765 -0.8944279 0.3162252 0.3162282 0.8944258 -0.2484594 -0.3718473 0.8944262 -0.4472156 5.14863e-7 0.8944277 -0.4386199 0.08724671 -0.8944284 0.3718414 0.2484586 0.8944232 -0.3162333 -0.3162338 0.8944293 -0.4131664 0.1711429 0.8944293 -0.371843 -0.2484537 0.894428 -0.371844 0.2484563 -0.8944263 0.4131733 0.1711418 0.8944238 -0.4131769 -0.1711458 0.8944293 -0.3162248 0.3162251 -0.894427 0.447214 -2.81036e-7 -0.8944296 0.4386159 0.08724576 0.8944259 -0.4386233 -0.08724582 0.8944282 -0.2484571 0.3718432 0.8944271 -0.1711415 0.4131717 -0.8944259 0.4131745 -0.1711415 -0.8944293 0.4386162 -0.08724707 0.8944286 -0.08724516 0.4386182 -0.8944283 0.3718433 -0.2484568 0.894428 4.29427e-7 0.4472121 0.8944281 0.08724558 0.438619 -0.8944287 0.2484581 -0.3718413 -0.8944299 0.3162217 -0.3162263 0.8944268 0.1711414 0.4131726 -0.8944268 0.1711406 -0.4131725 0.894428 0.2484571 0.3718436 0.89443 0.31622 0.3162277 -0.8944275 0.08724564 -0.4386202 0.8944271 0.3718449 0.2484585 -0.8944269 -1.58224e-6 -0.4472144 0.8944246 0.4131767 0.1711421 -0.8944267 -0.08724761 -0.4386215 0.8944272 0.4386204 0.08724921 -0.8944268 -0.1711424 -0.413172 -0.8944283 -0.4472117 2.25955e-7 -0.8944286 -0.2484582 -0.3718417 0.2153151 0.9765447 2.2956e-6 -0.2153174 0.9577803 -0.190514 -0.215315 0.9765447 -1.11441e-6 0.2153159 0.9022092 -0.3737081 -0.2153127 0.9022099 -0.3737082 -0.2153131 0.8119673 -0.5425398 0.2153132 0.8119678 -0.5425391 -0.2153133 0.6905226 -0.6905206 0.2153133 0.6905235 -0.6905198 -0.2153154 0.5425395 -0.8119668 0.2153157 0.5425409 -0.8119658 -0.2153149 0.3737065 -0.9022101 0.215315 0.3737086 -0.9022092 -0.2153144 0.1905124 -0.9577813 0.2153134 0.190515 -0.9577808 -0.2153136 -1.74954e-6 -0.976545 0.2153124 6.81508e-7 -0.9765452 -0.2153146 -0.1905155 -0.9577806 0.2153137 -0.1905133 -0.9577811 -0.2153174 -0.3737076 -0.902209 0.2153155 -0.5425407 -0.811966 -0.2153152 -0.5425384 -0.8119677 0.2153128 -0.6905242 -0.6905193 -0.2153128 -0.6905219 -0.6905215 0.2153102 -0.8119695 -0.5425378 -0.2153102 -0.8119681 -0.5425397 0.2153119 -0.9022098 -0.373709 -0.2153065 -0.9022095 -0.3737127 -0.2153176 -0.9577796 -0.190517 0.2153147 -0.9765447 1.72418e-6 -0.2153146 -0.9765447 -1.71737e-6 0.215318 -0.9577794 0.190517 -0.2153133 -0.95778 0.1905194 -0.2153095 -0.9022094 0.3737111 0.2153092 -0.9022097 0.3737109 -0.2153102 -0.8119676 0.5425405 0.2153115 -0.8119695 0.5425372 -0.2153118 -0.6905218 0.690522 0.2153135 -0.6905241 0.6905192 -0.2153171 -0.5425389 0.8119668 0.2153146 -0.3737041 0.9022112 -0.2153148 -0.3737065 0.90221 0.215315 -0.1905124 0.9577811 -0.215309 -0.1905123 0.9577823 -0.2153141 2.17191e-6 0.9765449 0.2153143 -3.72291e-7 0.9765449 -0.2153133 0.1905179 0.9577803 0.2153131 0.1905153 0.9577808 -0.2153111 0.3737092 0.9022099 0.2153118 0.3737072 0.9022106 -0.2153121 0.5425428 0.8119655 0.2153109 0.5425419 0.8119665 -0.2153126 0.6905242 0.6905193 0.215312 0.690523 0.6905206 -0.2153121 0.8119681 0.542539 0.2153124 0.8119666 0.542541 -0.2153154 0.9022102 0.3737057 0.8292745 -0.2138583 0.5163028 0.8292722 -0.1090255 0.5481068 0.2153154 0.9577808 0.1905131 -0.2153099 0.9577819 0.1905134 -0.8292748 0.558841 5.12842e-7 -0.8292756 0.5481021 0.1090235 0.829272 -0.3951631 -0.3951634 0.9763785 0.1796542 0.1200398 0.8292728 -0.4646614 -0.310478 -0.8292711 0.3104816 0.464662 -0.9763795 -0.08268439 -0.199616 -0.8292746 0.2138595 0.5163021 -0.8292779 0.3104721 -0.4646562 0.829275 0.558841 3.35209e-7 -0.8292726 -0.5163047 -0.2138608 0.8292784 0.310471 -0.4646559 0.8292727 0.2138597 -0.5163051 -0.8292729 2.06691e-7 0.558844 -0.8292742 -0.1090252 0.5481038 0.8292756 -0.5481013 -0.1090282 0.2153131 -0.9577801 -0.1905193 0.8292749 6.36033e-7 0.5588409 -0.8292726 0.21386 -0.516305 -0.8292738 -0.5481049 -0.1090233 0.8292738 0.1090242 -0.5481046 0.8292739 -0.5588426 6.5896e-7 0.8292738 0.1090255 0.5481045 -0.8292747 0.1090238 -0.5481035 -0.8292738 -0.5588426 -6.27444e-7 0.8292777 -1.46117e-7 -0.5588369 -0.8292719 0.1090258 0.5481072 0.8292788 -0.5480976 0.109022 0.8292706 0.2138624 0.5163074 -0.8292745 -0.1090242 -0.5481035 -0.8292783 -1.51847e-7 -0.5588359 -0.8292779 -0.5480979 0.1090273 0.8292739 -0.1090247 -0.5481045 -0.8292723 0.5481069 -0.1090242 0.8292693 -0.5163092 0.2138631 0.8292711 0.5481083 -0.1090256 0.2153125 0.9577812 -0.1905143 0.829272 0.3104802 0.4646612 -0.8292725 -0.2138604 -0.516305 -0.829268 -0.5163111 0.2138632 0.8292726 -0.2138602 -0.516305 0.215312 -0.3737077 -0.9022102 0.8292757 -0.4646589 0.3104738 -0.8292735 0.5163039 -0.2138595 0.8292765 0.39516 0.395157 -0.8292777 -0.310472 -0.4646565 0.8292741 0.5163026 -0.2138603 -0.8292749 -0.4646589 0.3104761 0.8292784 -0.3104708 -0.4646561 -0.829277 0.3951596 0.3951564 0.8292737 -0.3951618 0.3951613 0.8292752 0.4646594 0.3104746 -0.829272 -0.395163 -0.3951634 0.8292742 0.4646601 -0.3104764 -0.8292738 -0.3951612 0.3951618 -0.8292716 0.5163064 0.2138605 -0.829275 0.4646584 0.3104761 0.8292735 -0.3104771 0.4646606 0.2153127 -0.5425415 0.8119663 -0.8292741 0.4646609 -0.3104751 0.829271 0.5163075 0.2138602 0.2153128 0.9022107 0.3737063 -0.8292731 -0.4646616 -0.3104765 0.8292745 0.3951612 -0.3951603 -0.8292753 -0.3104737 0.4646597 -0.8292744 0.395161 -0.3951605 0.8292769 0.5481003 0.1090229 -0.8292753 -0.2138575 0.5163017 0.8292707 -0.5163075 -0.2138621 0.9763787 0.2119149 -0.04215359 0.8944274 0.4472132 0 0.8944265 0.4386214 -0.08724933 -0.9763782 -0.04215252 0.2119169 -0.9763772 -0.08268809 0.1996258 -0.9763783 0.199621 0.08268523 -0.9763789 0.1796513 0.1200405 -0.9763788 0.1527812 -0.152782 -0.9763782 -0.2160687 4.48259e-7 -0.9763786 -0.1527822 -0.1527821 -0.9763777 -0.1200434 -0.1796554 -0.9763792 1.75839e-7 0.2160642 -0.9763785 0.1200408 -0.1796534 -0.9763789 -0.1996183 0.08268547 -0.9763773 -0.2119215 0.04215222 -0.9763785 0.2160679 0 -0.9763776 0.2119197 0.04215401 -0.9763779 0.08268517 -0.1996233 -0.9763786 -0.1796524 0.1200414 -0.9763772 -0.1796587 -0.1200435 -0.9763782 0.04215276 0.2119171 -0.976379 0.2119134 -0.04215282 -0.9763785 0.0421521 -0.211916 -0.9763787 -0.1527822 0.152782 -0.9763786 -0.2119156 -0.04215151 -0.976377 -0.1996272 -0.08268737 -0.976379 0.1200394 0.1796516 -0.976377 0.08268809 0.1996263 -0.9763784 -7.32698e-7 -0.2160679 -0.9763789 -0.1200394 0.1796523 -0.9763795 0.1796507 -0.1200371 -0.9763768 0.1996272 -0.08268737 -0.9763774 -0.04215317 -0.2119209 -0.9763777 0.1527836 0.1527867 -0.8944271 -0.4386212 0.08724492 0.9763792 0.1796507 -0.1200389 0.9763787 0.1527801 -0.1527841 0.976378 -0.1200423 -0.1796551 0.9763784 -0.04215294 0.2119162 0.9763779 0.1996233 0.0826857 0.9763782 0.1200418 -0.1796548 0.9763779 -0.2160698 5.26005e-7 0.9763773 -0.2119213 0.0421527 0.9763783 -0.1527833 -0.1527837 0.9763795 1.71588e-7 0.2160631 0.976378 0.2119176 0.04215425 0.9763774 0.08268719 -0.1996251 0.9763788 -0.1996186 0.082686 0.976377 -0.1796582 -0.1200453 0.9763785 0.04215317 0.2119159 0.9763786 0.2160669 0 0.9763771 0.04215443 -0.2119219 0.976378 -0.1796559 0.1200407 0.9763772 -0.1996257 -0.08268743 0.9763774 0.08268582 0.1996254 0.9763788 -8.46415e-7 -0.2160663 0.9763789 -0.1527814 0.1527811 0.9763785 -0.2119163 -0.04215186 0.9763794 0.1200377 0.1796502 0.9763771 0.1996265 -0.08268684 0.9763777 -0.04215347 -0.2119191 0.9763793 -0.1200379 0.179651 0.9763778 0.1527839 0.1527858 0.9763776 -0.08268725 -0.1996238 0.9763775 -0.08268582 0.1996249 -0.894425 -0.3162304 -0.3162314 -0.8944302 -0.4131647 0.1711428 -0.894424 -0.3718507 -0.2484611 -0.894429 -0.3162261 0.3162242 -0.8944286 -0.3718416 0.2484578 0.894428 0.3718427 -0.2484585 -0.8944256 -0.4131755 -0.1711401 -0.8944272 -0.2484585 0.3718447 0.8944295 0.3162199 -0.3162291 -0.894427 -0.4386215 -0.08724409 0.8944271 0.2484595 -0.3718441 -0.8944253 -0.1711441 0.4131746 0.8944251 0.1711427 -0.4131757 -0.8944271 -0.08724617 0.4386208 0.8944253 0.08724755 -0.4386242 -0.8944273 0.08724671 0.4386204 -0.8944272 4.31676e-7 0.4472136 0.8944254 -2.12015e-6 -0.4472174 -0.8944253 0.171144 0.4131748 0.8944244 -0.0872485 -0.4386262 -0.8944267 0.2484597 0.3718448 0.8944256 -0.1711427 -0.4131743 -0.894428 0.316225 0.3162283 0.8944262 -0.24846 -0.3718459 0.8944261 -0.447216 1.19835e-6 0.8944264 -0.4386224 0.08724558 -0.8944291 0.3718405 0.248458 0.8944231 -0.3162336 -0.3162338 0.894429 -0.4131669 0.1711431 0.8944236 -0.3718508 -0.2484623 0.8944268 -0.3718467 0.2484568 -0.8944256 0.4131753 0.1711408 0.8944244 -0.4131772 -0.1711423 0.8944297 -0.3162237 0.3162251 -0.8944275 0.4472129 0 -0.8944278 0.4386193 0.08724737 0.8944252 -0.438625 -0.08724552 0.8944284 -0.248457 0.3718428 0.8944268 -0.1711414 0.4131726 -0.8944253 0.4131757 -0.1711408 -0.8944285 0.438618 -0.08724749 0.894428 -0.08724516 0.4386192 -0.8944287 0.3718423 -0.2484564 0.8944283 4.13689e-7 0.4472114 0.8944284 0.08724576 0.4386186 -0.8944286 0.2484583 -0.3718415 -0.8944299 0.3162214 -0.3162265 0.8944262 0.1711412 0.4131738 -0.894427 0.1711404 -0.4131723 0.8944283 0.2484574 0.3718429 0.8944301 0.3162197 0.3162277 -0.8944278 0.0872457 -0.4386195 0.8944277 0.3718439 0.2484579 -0.8944269 -1.81101e-6 -0.4472144 0.8944242 0.4131779 0.1711416 -0.8944265 -0.08724677 -0.4386219 0.8944256 0.4386233 0.08724927 -0.8944284 -0.1711414 -0.4131688 -0.8944281 -0.447212 9.1113e-7 -0.8944281 -0.2484583 -0.3718423 -1 3.51223e-7 0 1 0 -1.89044e-7 1 0 -1.89044e-7 -1 0 4.01375e-7 -1 0 4.01375e-7 -1 -1.58177e-5 0 -1 4.03208e-6 0 -1 -8.06431e-6 0 -1 1.17115e-5 0 -1 1.17112e-5 0 -1 -4.03218e-6 0 -1 5.85569e-6 0 -1 -1.17107e-5 0 -1 1.17117e-5 0 -1 2.01608e-6 0 -1 3.95454e-6 0 -1 4.23388e-6 0 -1 -5.72838e-7 0 -1 -7.02448e-7 0 1 1.17104e-5 0 1 -1.5819e-5 0 1 2.92788e-6 0 1 -5.85586e-6 0 1 1.1713e-5 0 1 1.17107e-5 3.56645e-6 1 5.85597e-6 0 1 -1.46398e-6 0 1 2.92787e-6 0 1 -5.85605e-6 0 1 1.58186e-5 -4.22821e-6 1 -2.01605e-6 0 1 -3.95448e-6 0 1 -2.29136e-6 0 1 -4.52154e-6 -1.61143e-6 1 0 -3.61228e-7 1 -2.01604e-6 6.13977e-7 1 8.47925e-7 0 1 5.72844e-7 0 1 2.11694e-6 1.32767e-7 1 0 -6.67461e-7 1 0 0 -1 -1.58178e-5 0 -1 4.03205e-6 0 -1 -8.06426e-6 0 -1 1.17118e-5 0 -1 1.17116e-5 0 -1 -4.03214e-6 0 -1 5.85576e-6 0 -1 -1.17099e-5 0 -1 1.17101e-5 0 -1 2.01607e-6 0 -1 4.23389e-6 0 -1 -5.72844e-7 0 -1 -7.02448e-7 0 1 1.17107e-5 0 1 -1.58187e-5 0 1 2.92785e-6 0 1 -5.85593e-6 0 1 1.17126e-5 0 1 1.17106e-5 3.56641e-6 1 5.85605e-6 0 1 -5.85602e-6 0 1 1.58185e-5 -4.22817e-6 1 -2.01607e-6 0 1 -3.95432e-6 0 1 -2.29136e-6 0 1 -4.52151e-6 -1.61143e-6 1 0 -3.61229e-7 1 -2.01605e-6 6.13989e-7 1 8.47924e-7 0 1 5.72843e-7 0 1 2.11694e-6 1.32767e-7 1 0 -6.67461e-7 1 0 0 -1 1.17127e-5 0 -1 -4.03205e-6 0 -1 -5.85569e-6 0 -1 5.85566e-6 0 -1 0 3.40195e-6 -1 -2.92781e-6 0 -1 2.01602e-6 0 -1 -5.85576e-6 0 -1 1.17099e-5 5.84818e-6 -1 -7.90859e-6 0 -1 -6.02865e-6 -7.41669e-7 -1 2.11692e-6 -2.60425e-7 -1 3.51224e-7 2.17222e-7 -1 1.75612e-7 0 1 1.58187e-5 0 1 1.17126e-5 0 1 -1.46399e-6 0 1 1.17104e-5 0 1 1.17106e-5 0 1 -1.17121e-5 0 1 -4.39194e-6 0 1 5.85574e-6 0 1 1.1712e-5 0 1 2.01607e-6 0 1 -7.90864e-6 0 1 -3.01434e-6 0 1 1.14569e-6 0 1 4.0321e-6 0 1 -8.47924e-7 0 1 -2.11692e-6 0 -1 1.17132e-5 0 -1 -4.03208e-6 0 -1 -5.85566e-6 0 -1 0 3.40197e-6 -1 -2.92785e-6 0 -1 2.01603e-6 0 -1 1.17107e-5 5.84856e-6 -1 -6.02837e-6 -7.41614e-7 -1 2.11692e-6 -2.60424e-7 -1 3.51224e-7 2.17223e-7 1 1.5819e-5 0 1 1.17128e-5 0 1 1.17107e-5 0 1 -1.17119e-5 0 1 1.17121e-5 0 1 2.01605e-6 0 1 -7.90895e-6 0 1 -3.01436e-6 0 1 1.14569e-6 0 1 4.03207e-6 0 1 -8.47925e-7 0 1 -2.11692e-6 0</float_array>
          <technique_common>
            <accessor source="#Cube_001-mesh-normals-array" count="1524" stride="3">
              <param name="X" type="float"/>
              <param name="Y" type="float"/>
              <param name="Z" type="float"/>
            </accessor>
          </technique_common>
        </source>
        <vertices id="Cube_001-mesh-vertices">
          <input semantic="POSITION" source="#Cube_001-mesh-positions"/>
        </vertices>
        <triangles material="Lights-material" count="4">
          <input semantic="VERTEX" source="#Cube_001-mesh-vertices" offset="0"/>
          <input semantic="NORMAL" source="#Cube_001-mesh-normals" offset="1"/>
          <p>1395 364 1390 364 1391 364 1389 365 1392 365 1388 365 1395 366 1394 366 1390 366 1389 367 1393 367 1392 367</p>
        </triangles>
        <triangles material="Body-material" count="202">
          <input semantic="VERTEX" source="#Cube_001-mesh-vertices" offset="0"/>
          <input semantic="NORMAL" source="#Cube_001-mesh-normals" offset="1"/>
          <p>1323 0 1287 0 1522 0 1304 1 1321 2 1320 3 1313 4 1410 4 1315 4 1319 5 1317 6 1324 7 1328 8 1501 8 1502 8 1303 9 1398 10 1405 11 1294 12 1497 12 1499 12 1316 13 1433 13 1434 13 1327 14 1399 15 1398 10 1323 16 1300 17 1318 18 1281 19 1335 19 1305 19 1288 20 1313 20 1406 20 1326 21 1300 17 1296 22 1330 23 1301 24 1325 25 1295 26 1428 26 1430 26 1331 27 1292 28 1327 14 1324 7 1303 9 1322 29 1315 30 1411 30 1313 30 1295 31 1324 7 1322 29 1307 32 1318 18 1290 33 1303 9 1404 34 1322 29 1300 35 1502 35 1503 35 1320 3 1301 24 1298 36 1303 9 1331 27 1327 14 1305 37 1325 25 1288 38 1306 39 1328 40 1326 21 1295 31 1400 41 1291 42 1302 43 1498 44 1505 45 1481 46 1334 46 1489 46 1285 46 1448 46 1444 46 1454 47 1337 47 1461 47 1283 47 1471 47 1465 47 1305 48 1393 48 1389 48 1304 49 1333 49 1285 49 1335 50 1392 50 1393 50 1336 51 1348 51 1360 51 1490 46 1489 46 1334 46 1457 52 1368 52 1334 52 1349 53 1388 53 1392 53 1304 54 1391 54 1390 54 1333 55 1395 55 1344 55 1305 56 1388 56 1330 56 1304 57 1394 57 1333 57 1344 58 1391 58 1320 58 1292 28 1397 59 1399 15 1301 24 1402 60 1403 61 1301 24 1396 62 1325 25 1321 2 1400 41 1402 60 1325 25 1397 59 1288 38 1322 29 1401 63 1295 31 1468 64 1290 64 1481 64 1290 65 1287 65 1307 65 1291 66 1304 66 1444 66 1313 20 1289 20 1406 20 1292 67 1410 67 1408 67 1292 68 1407 68 1288 68 1313 69 1407 69 1409 69 1293 70 1412 70 1414 70 1313 71 1491 71 1289 71 1295 72 1429 72 1316 72 1314 73 1429 73 1427 73 1314 74 1428 74 1291 74 1294 75 1432 75 1290 75 1294 76 1434 76 1431 76 1362 51 1343 51 1332 51 1464 77 1461 77 1337 77 1281 78 1449 78 1335 78 1444 46 1456 46 1459 46 1459 46 1334 46 1310 46 1446 47 1461 47 1449 47 1487 47 1471 47 1483 47 1287 46 1470 46 1332 46 1331 27 1293 79 1315 80 1294 81 1324 7 1316 82 1317 6 1329 83 1331 27 1477 84 1492 84 1293 84 1487 47 1337 47 1308 47 1314 85 1432 85 1433 85 1481 46 1470 46 1468 46 1318 86 1497 86 1290 86 1319 5 1499 87 1498 44 1329 83 1500 88 1293 79 1293 89 1501 89 1289 89 1302 43 1504 90 1329 83 1300 91 1496 91 1318 91 1519 92 1517 93 1516 94 1518 95 1519 92 1516 94 1283 96 1326 96 1522 96 1522 97 1338 97 1348 97 1332 98 1343 98 1287 98 1486 47 1370 47 1337 47 1474 99 1362 99 1332 99 1336 47 1360 47 1475 47 1522 100 1296 100 1323 100 1323 101 1307 101 1287 101 1304 1 1291 42 1321 2 1313 102 1409 102 1410 102 1319 5 1302 43 1317 6 1328 103 1289 103 1501 103 1303 9 1327 14 1398 10 1294 104 1290 104 1497 104 1316 105 1314 105 1433 105 1327 14 1292 28 1399 15 1323 16 1296 22 1300 17 1406 106 1281 106 1288 106 1305 107 1288 107 1281 107 1326 21 1328 40 1300 17 1330 23 1298 36 1301 24 1295 108 1291 108 1428 108 1331 27 1315 80 1292 28 1324 7 1317 6 1303 9 1315 109 1413 109 1411 109 1295 31 1316 82 1324 7 1307 32 1323 16 1318 18 1303 9 1405 11 1404 34 1300 110 1328 110 1502 110 1320 3 1321 2 1301 24 1303 9 1317 6 1331 27 1305 37 1330 23 1325 25 1306 39 1289 111 1328 40 1295 31 1401 63 1400 41 1302 43 1319 5 1498 44 1481 46 1310 46 1334 46 1285 112 1333 112 1448 112 1454 113 1308 113 1337 113 1283 114 1336 114 1471 114 1305 115 1335 115 1393 115 1335 116 1349 116 1392 116 1334 46 1368 46 1490 46 1369 46 1490 46 1368 46 1334 46 1456 46 1457 46 1457 46 1369 46 1368 46 1349 117 1330 117 1388 117 1304 118 1320 118 1391 118 1333 119 1394 119 1395 119 1305 120 1389 120 1388 120 1304 121 1390 121 1394 121 1344 122 1395 122 1391 122 1292 28 1288 38 1397 59 1301 24 1321 2 1402 60 1301 24 1403 61 1396 62 1321 2 1291 42 1400 41 1325 25 1396 62 1397 59 1322 29 1404 34 1401 63 1310 123 1481 123 1314 123 1468 124 1287 124 1290 124 1290 125 1314 125 1481 125 1459 126 1310 126 1291 126 1314 125 1291 125 1310 125 1304 127 1285 127 1444 127 1444 128 1459 128 1291 128 1283 129 1406 129 1289 129 1289 130 1306 130 1283 130 1292 131 1315 131 1410 131 1292 132 1408 132 1407 132 1313 133 1288 133 1407 133 1293 134 1289 134 1412 134 1412 135 1289 135 1476 135 1313 136 1411 136 1491 136 1476 137 1289 137 1491 137 1295 138 1430 138 1429 138 1314 139 1316 139 1429 139 1314 140 1427 140 1428 140 1294 141 1431 141 1432 141 1294 142 1316 142 1434 142 1337 143 1370 143 1464 143 1371 144 1464 144 1370 144 1281 47 1446 47 1449 47 1444 46 1448 46 1456 46 1459 46 1456 46 1334 46 1446 47 1454 47 1461 47 1487 47 1465 47 1471 47 1287 46 1468 46 1470 46 1331 27 1329 83 1293 79 1294 81 1319 5 1324 7 1317 6 1302 43 1329 83 1315 145 1293 145 1492 145 1414 146 1477 146 1293 146 1492 147 1413 147 1315 147 1487 148 1483 148 1337 148 1314 149 1290 149 1432 149 1481 46 1489 46 1470 46 1318 150 1496 150 1497 150 1319 5 1294 81 1499 87 1329 83 1504 90 1500 88 1293 151 1500 151 1501 151 1302 43 1505 45 1504 90 1300 152 1503 152 1496 152 1519 92 1520 153 1517 93 1518 95 1521 154 1519 92 1296 155 1522 155 1326 155 1283 156 1306 156 1326 156 1348 157 1336 157 1283 157 1283 158 1522 158 1348 158 1522 159 1287 159 1343 159 1343 97 1338 97 1522 97 1337 47 1483 47 1486 47 1486 47 1371 47 1370 47 1332 46 1470 46 1474 46 1474 46 1363 46 1362 46 1475 160 1471 160 1336 160 1360 161 1361 161 1475 161</p>
        </triangles>
        <triangles material="Black-material" count="56">
          <input semantic="VERTEX" source="#Cube_001-mesh-vertices" offset="0"/>
          <input semantic="NORMAL" source="#Cube_001-mesh-normals" offset="1"/>
          <p>1405 11 1557 162 1564 163 1403 61 1561 164 1562 165 1402 60 1559 166 1561 164 1396 62 1556 167 1397 59 1411 168 1493 168 1491 168 1409 169 1423 169 1425 169 1427 170 1440 170 1428 170 1476 168 1416 168 1412 168 1493 171 1419 171 1420 171 1491 168 1478 168 1476 168 1433 172 1436 172 1437 172 1505 45 1514 173 1504 90 1505 45 1508 174 1515 175 1498 44 1509 176 1508 174 1504 90 1510 177 1500 88 1500 178 1511 178 1501 178 1499 179 1507 179 1509 179 1502 180 1511 180 1512 180 1496 181 1507 181 1497 181 1503 182 1506 182 1496 182 1503 183 1512 183 1513 183 1398 10 1558 184 1557 162 1404 34 1560 185 1401 63 1405 11 1563 186 1404 34 1399 15 1556 167 1558 184 1401 63 1559 166 1400 41 1403 61 1555 187 1396 62 1405 11 1398 10 1557 162 1403 61 1402 60 1561 164 1402 60 1400 41 1559 166 1396 62 1555 187 1556 167 1411 168 1415 168 1493 168 1409 188 1407 188 1423 188 1427 189 1439 189 1440 189 1476 168 1478 168 1416 168 1420 190 1416 190 1478 190 1493 191 1415 191 1419 191 1420 192 1478 192 1493 192 1491 168 1493 168 1478 168 1433 193 1432 193 1436 193 1505 45 1515 175 1514 173 1505 45 1498 44 1508 174 1498 44 1499 87 1509 176 1504 90 1514 173 1510 177 1500 194 1510 194 1511 194 1499 195 1497 195 1507 195 1502 196 1501 196 1511 196 1496 197 1506 197 1507 197 1503 198 1513 198 1506 198 1503 199 1502 199 1512 199 1398 10 1399 15 1558 184 1404 34 1563 186 1560 185 1405 11 1564 163 1563 186 1399 15 1397 59 1556 167 1401 63 1560 185 1559 166 1403 61 1562 165 1555 187</p>
        </triangles>
        <triangles material="Window-material" count="62">
          <input semantic="VERTEX" source="#Cube_001-mesh-vertices" offset="0"/>
          <input semantic="NORMAL" source="#Cube_001-mesh-normals" offset="1"/>
          <p>1409 200 1426 200 1410 200 1412 168 1418 168 1414 168 1413 168 1415 168 1411 168 1414 168 1479 168 1477 168 1417 201 1419 201 1415 201 1418 202 1420 202 1422 202 1425 203 1424 204 1426 205 1408 206 1426 206 1424 206 1408 207 1423 207 1407 207 1427 208 1441 208 1439 208 1431 209 1436 209 1432 209 1434 210 1437 210 1438 210 1439 211 1442 212 1440 213 1430 214 1441 214 1429 214 1430 215 1440 215 1442 215 1477 168 1494 168 1492 168 1431 216 1438 216 1435 216 1492 168 1417 168 1413 168 1494 217 1421 217 1417 217 1419 218 1495 219 1420 220 1479 221 1422 221 1495 221 1437 222 1435 223 1438 224 1513 225 1508 174 1506 226 1512 227 1510 177 1514 173 1506 226 1509 176 1507 228 1513 225 1514 173 1515 175 1561 164 1560 185 1563 186 1562 165 1557 162 1555 187 1562 165 1563 186 1564 163 1555 187 1558 184 1556 167 1409 229 1425 229 1426 229 1412 168 1416 168 1418 168 1413 168 1417 168 1415 168 1414 168 1418 168 1479 168 1417 230 1421 230 1419 230 1418 231 1416 231 1420 231 1425 203 1423 232 1424 204 1408 233 1410 233 1426 233 1408 234 1424 234 1423 234 1427 235 1429 235 1441 235 1431 236 1435 236 1436 236 1434 237 1433 237 1437 237 1439 211 1441 238 1442 212 1430 239 1442 239 1441 239 1430 240 1428 240 1440 240 1477 168 1479 168 1494 168 1431 241 1434 241 1438 241 1492 168 1494 168 1417 168 1494 242 1495 242 1421 242 1422 243 1420 220 1495 219 1419 218 1421 244 1495 219 1495 245 1494 245 1479 245 1479 246 1418 246 1422 246 1437 222 1436 247 1435 223 1513 225 1515 175 1508 174 1512 227 1511 248 1510 177 1506 226 1508 174 1509 176 1513 225 1512 227 1514 173 1561 164 1559 166 1560 185 1562 165 1564 163 1557 162 1562 165 1561 164 1563 186 1555 187 1557 162 1558 184</p>
        </triangles>
        <triangles material="Bumpers-material" count="160">
          <input semantic="VERTEX" source="#Cube_001-mesh-vertices" offset="0"/>
          <input semantic="NORMAL" source="#Cube_001-mesh-normals" offset="1"/>
          <p>1361 249 1467 250 1475 251 1365 252 1447 253 1453 254 1369 255 1488 256 1490 257 1371 258 1458 259 1464 260 1339 261 1358 262 1344 263 1375 264 1363 265 1286 266 1367 267 1345 268 1377 269 1344 263 1350 270 1333 271 1299 272 1352 273 1354 274 1367 267 1341 275 1297 276 1346 277 1355 278 1280 279 1282 280 1377 269 1345 268 1379 281 1352 273 1351 282 1385 283 1354 274 1352 273 1380 284 1353 285 1387 286 1387 286 1354 274 1382 287 1340 288 1351 282 1352 273 1364 289 1350 270 1378 290 1349 291 1356 292 1359 293 1299 272 1353 285 1346 277 1372 294 1355 278 1380 284 1339 261 1359 293 1357 295 1373 296 1356 292 1335 297 1372 294 1381 298 1373 296 1365 252 1351 282 1284 299 1365 252 1378 290 1379 281 1357 295 1386 300 1383 301 1383 301 1387 286 1382 287 1359 293 1381 298 1386 300 1386 300 1380 284 1387 286 1357 295 1384 302 1358 262 1383 301 1385 283 1384 302 1358 262 1378 290 1350 270 1384 302 1379 281 1378 290 1376 303 1361 249 1360 304 1343 305 1366 306 1338 307 1374 308 1367 267 1366 306 1348 309 1366 306 1376 303 1376 303 1367 267 1377 269 1343 305 1362 310 1374 308 1374 308 1363 265 1375 264 1360 304 1348 309 1376 303 1286 266 1341 275 1375 264 1372 294 1443 311 1280 279 1457 312 1311 313 1369 255 1335 297 1449 314 1373 296 1474 315 1286 266 1363 265 1486 316 1309 317 1371 258 1377 269 1282 280 1361 249 1364 289 1453 254 1448 318 1464 319 1529 319 1461 319 1486 316 1535 320 1536 321 1461 322 1524 322 1449 322 1471 323 1535 320 1483 324 1490 325 1537 325 1489 325 1453 254 1523 326 1448 318 1474 327 1531 327 1533 327 1489 328 1531 328 1470 328 1452 329 1524 330 1525 331 1457 332 1527 332 1528 332 1475 251 1532 333 1471 323 1448 334 1527 334 1456 334 1529 47 1542 47 1541 47 1524 330 1540 335 1525 331 1529 47 1539 47 1524 47 1458 259 1530 336 1464 260 1530 337 1458 337 1542 337 1452 329 1525 331 1443 311 1525 331 1540 335 1443 311 1527 338 1546 338 1528 338 1523 46 1545 46 1527 46 1523 326 1544 339 1543 46 1447 253 1526 340 1453 254 1526 340 1447 253 1544 339 1528 341 1546 341 1455 341 1448 318 1333 271 1364 289 1373 296 1452 329 1372 294 1457 312 1528 342 1455 343 1531 344 1548 344 1533 344 1537 46 1550 46 1549 46 1537 46 1547 46 1531 46 1474 315 1533 345 1466 346 1533 347 1548 347 1466 347 1488 256 1538 348 1490 257 1538 349 1488 349 1550 349 1467 250 1534 350 1475 251 1532 333 1552 351 1551 47 1532 333 1553 47 1535 320 1535 320 1554 352 1536 321 1534 350 1467 250 1552 351 1486 316 1536 321 1480 353 1536 354 1554 354 1480 354 1361 249 1282 280 1467 250 1365 252 1284 299 1447 253 1369 255 1311 313 1488 256 1371 258 1309 317 1458 259 1339 261 1357 295 1358 262 1367 267 1297 276 1345 268 1344 263 1358 262 1350 270 1299 272 1340 288 1352 273 1367 267 1375 264 1341 275 1346 277 1353 285 1355 278 1379 281 1385 283 1352 273 1385 283 1382 287 1354 274 1380 284 1355 278 1353 285 1387 286 1353 285 1354 274 1340 288 1284 299 1351 282 1364 289 1333 271 1350 270 1349 291 1335 297 1356 292 1299 272 1354 274 1353 285 1372 294 1280 279 1355 278 1339 261 1349 291 1359 293 1373 296 1381 298 1356 292 1372 294 1380 284 1381 298 1365 252 1379 281 1351 282 1365 252 1364 289 1378 290 1357 295 1359 293 1386 300 1383 301 1386 300 1387 286 1359 293 1356 292 1381 298 1386 300 1381 298 1380 284 1357 295 1383 301 1384 302 1383 301 1382 287 1385 283 1358 262 1384 302 1378 290 1384 302 1385 283 1379 281 1376 303 1377 269 1361 249 1343 305 1374 308 1366 306 1374 308 1375 264 1367 267 1348 309 1338 307 1366 306 1376 303 1366 306 1367 267 1374 308 1362 310 1363 265 1372 294 1452 329 1443 311 1457 312 1455 343 1311 313 1474 315 1466 346 1286 266 1486 316 1480 353 1309 317 1364 289 1365 252 1453 254 1464 355 1530 355 1529 355 1486 316 1483 324 1535 320 1461 356 1529 356 1524 356 1471 323 1532 333 1535 320 1490 357 1538 357 1537 357 1453 254 1526 340 1523 326 1474 358 1470 358 1531 358 1489 359 1537 359 1531 359 1452 329 1449 314 1524 330 1457 360 1456 360 1527 360 1475 251 1534 350 1532 333 1448 361 1523 361 1527 361 1529 362 1530 362 1542 362 1524 330 1539 47 1540 335 1529 47 1541 47 1539 47 1527 46 1545 46 1546 46 1523 46 1543 46 1545 46 1523 326 1526 340 1544 339 1373 296 1449 314 1452 329 1531 46 1547 46 1548 46 1537 363 1538 363 1550 363 1537 46 1549 46 1547 46 1532 333 1534 350 1552 351 1532 333 1551 47 1553 47 1535 320 1553 47 1554 352</p>
        </triangles>
        <triangles material="Bottom-material" count="48">
          <input semantic="VERTEX" source="#Cube_001-mesh-vertices" offset="0"/>
          <input semantic="NORMAL" source="#Cube_001-mesh-normals" offset="1"/>
          <p>1341 368 1466 368 1472 368 1473 368 1297 368 1469 368 1347 368 1460 368 1463 368 1342 369 1455 369 1462 369 1312 368 1462 368 1460 368 1297 368 1472 368 1469 368 1458 370 1347 370 1463 370 1467 368 1345 368 1473 368 1443 371 1346 371 1280 371 1445 368 1340 368 1299 368 1340 368 1447 368 1284 368 1451 368 1299 368 1346 368 1458 372 1451 372 1443 372 1460 368 1450 368 1445 368 1450 368 1455 368 1447 368 1463 368 1445 368 1451 368 1480 368 1473 368 1485 368 1469 368 1484 368 1482 368 1485 368 1469 368 1482 368 1472 368 1488 368 1484 368 1484 368 1311 368 1342 368 1347 368 1482 368 1312 368 1482 368 1342 368 1312 368 1309 368 1485 368 1347 368 1341 368 1286 368 1466 368 1473 368 1345 368 1297 368 1347 368 1312 368 1460 368 1342 368 1311 368 1455 368 1312 368 1342 368 1462 368 1297 368 1341 368 1472 368 1458 368 1309 368 1347 368 1467 368 1282 368 1345 368 1443 368 1451 368 1346 368 1445 368 1450 368 1340 368 1340 373 1450 373 1447 373 1451 368 1445 368 1299 368 1458 374 1463 374 1451 374 1460 368 1462 368 1450 368 1450 375 1462 375 1455 375 1463 368 1460 368 1445 368 1480 368 1467 368 1473 368 1469 368 1472 368 1484 368 1485 368 1473 368 1469 368 1472 368 1466 368 1488 368 1484 368 1488 368 1311 368 1347 368 1485 368 1482 368 1482 368 1484 368 1342 368 1309 368 1480 368 1485 368</p>
        </triangles>
        <triangles material="Tires-material" count="1792">
          <input semantic="VERTEX" source="#Cube_001-mesh-vertices" offset="0"/>
          <input semantic="NORMAL" source="#Cube_001-mesh-normals" offset="1"/>
          <p>1 376 2 377 0 378 2 377 5 379 4 380 5 379 6 381 4 380 7 382 8 383 6 381 9 384 10 385 8 383 11 386 12 387 10 385 13 388 14 389 12 387 15 390 16 391 14 389 17 392 18 393 16 391 19 394 20 395 18 393 20 395 23 396 22 397 22 397 25 398 24 399 24 399 27 400 26 401 26 401 29 402 28 403 29 402 30 404 28 403 30 404 33 405 32 406 32 406 35 407 34 408 35 407 36 409 34 408 37 410 38 411 36 409 39 412 40 413 38 411 41 414 42 415 40 413 42 415 45 416 44 417 44 417 47 418 46 419 47 418 48 420 46 419 49 421 50 422 48 420 51 423 52 424 50 422 53 425 54 426 52 424 55 427 56 428 54 426 57 429 58 430 56 428 59 431 60 432 58 430 47 418 109 433 111 434 60 432 63 435 62 436 63 435 0 378 62 436 62 436 64 437 126 438 89 439 173 440 91 441 118 442 154 443 116 444 12 387 74 445 10 385 63 435 67 446 1 376 30 404 92 447 28 403 13 388 75 448 77 449 46 419 112 450 110 451 29 402 95 452 31 453 47 418 113 454 49 421 14 389 76 455 12 387 32 406 94 456 30 404 15 390 77 449 79 457 50 422 112 450 48 420 31 453 97 458 33 405 51 423 113 454 115 459 16 391 78 460 14 389 34 408 96 461 32 406 17 392 79 457 81 462 52 424 114 463 50 422 33 405 99 464 35 407 53 425 115 459 117 465 16 391 82 466 80 467 36 409 98 468 34 408 17 392 83 469 19 394 0 378 65 470 64 437 54 426 116 444 52 424 35 407 101 471 37 410 1 376 66 472 3 473 55 427 117 465 119 474 18 393 84 475 82 466 38 411 100 476 36 409 19 394 85 477 21 478 56 428 118 442 54 426 37 410 103 479 39 412 2 377 68 480 65 470 57 429 119 474 121 481 20 395 86 482 84 475 5 379 66 472 69 483 40 413 102 484 38 411 21 478 87 485 23 396 58 430 120 486 56 428 39 412 105 487 41 414 6 381 68 480 4 380 59 431 121 481 123 488 22 397 88 489 86 482 7 382 69 483 71 490 42 415 104 491 40 413 23 396 89 439 25 398 58 430 124 492 122 493 41 414 107 494 43 495 8 383 70 496 6 381 59 431 125 497 61 498 24 399 90 499 88 489 9 384 71 490 73 500 44 417 106 501 42 415 25 398 91 441 27 400 60 432 126 438 124 492 45 416 107 494 109 433 10 385 72 502 8 383 63 435 125 497 127 503 26 401 92 447 90 499 11 386 73 500 75 448 46 419 108 504 44 417 27 400 93 505 29 402 177 506 240 507 241 508 76 455 135 509 134 510 90 499 142 511 141 512 106 501 148 513 104 491 65 470 128 514 64 437 118 442 156 515 155 516 78 460 136 517 135 509 94 456 142 511 92 447 108 504 149 518 106 501 65 470 130 519 129 520 122 493 156 515 120 486 82 466 136 517 80 467 94 456 144 521 143 522 110 451 150 523 108 504 68 480 131 524 130 519 124 492 157 525 122 493 84 475 137 526 82 466 96 461 145 527 144 521 112 450 151 528 110 451 70 496 132 529 131 524 124 492 159 530 158 531 84 475 139 532 138 533 100 476 145 527 98 468 114 463 152 534 112 450 72 502 133 535 132 529 64 437 159 530 126 438 88 489 139 532 86 482 100 476 147 536 146 537 114 463 154 443 153 538 76 455 133 535 74 445 88 489 141 512 140 539 104 491 147 536 102 484 130 519 193 540 129 520 105 487 179 541 180 542 117 465 187 543 119 474 77 449 167 544 79 457 91 441 174 545 93 505 107 494 180 542 181 546 66 472 161 547 160 548 119 474 188 549 121 481 79 457 168 550 81 462 93 505 175 551 95 452 109 433 181 546 182 552 66 472 162 553 69 483 123 488 188 549 189 554 83 469 168 550 169 555 95 452 176 556 97 458 111 434 182 552 183 557 69 483 163 558 71 490 125 497 189 554 190 559 85 477 169 555 170 560 97 458 177 506 99 464 111 434 184 561 113 454 71 490 164 562 73 500 125 497 191 563 127 503 85 477 171 564 87 485 101 471 177 506 178 565 115 459 184 561 185 566 73 500 165 567 75 448 67 446 191 563 161 547 89 439 171 564 172 568 101 471 179 541 103 479 117 465 185 566 186 569 77 449 165 567 166 570 157 525 220 571 156 515 131 524 194 572 130 519 178 565 241 508 242 573 158 531 221 574 157 525 131 524 196 575 195 576 178 565 243 577 179 541 159 530 222 578 158 531 132 529 197 579 196 575 180 542 243 577 244 580 128 514 223 581 159 530 134 510 197 579 133 535 180 542 245 582 181 546 135 509 198 583 134 510 181 546 246 584 182 552 136 517 199 585 135 509 183 557 246 584 247 586 136 517 201 587 200 588 184 561 247 586 248 589 137 526 202 590 201 587 185 566 248 589 249 591 138 533 203 592 202 590 186 569 249 591 250 593 139 532 204 594 203 592 186 569 251 595 187 543 160 548 225 596 224 597 140 539 205 598 204 594 188 549 251 595 252 599 162 553 224 597 226 600 142 511 205 598 141 512 189 554 252 599 253 601 163 558 226 600 227 602 143 522 206 603 142 511 190 559 253 601 254 604 164 562 227 602 228 605 143 522 208 606 207 607 190 559 255 608 191 563 164 562 229 609 165 567 145 527 208 606 144 521 161 547 255 608 225 596 166 570 229 609 230 610 145 527 210 611 209 612 167 544 230 610 231 613 146 537 211 614 210 611 168 550 231 613 232 615 148 513 211 614 147 536 168 550 233 616 169 555 148 513 213 617 212 618 169 555 234 619 170 560 149 518 214 620 213 617 170 560 235 621 171 564 151 528 214 620 150 523 171 564 236 622 172 568 152 534 215 623 151 528 172 568 237 624 173 440 153 538 216 625 152 534 174 545 237 624 238 626 154 443 217 627 153 538 174 545 239 628 175 551 155 516 218 629 154 443 129 520 192 630 128 514 175 551 240 507 176 556 156 515 219 631 155 516 321 632 322 633 320 634 322 633 325 635 324 636 325 635 326 637 324 636 327 638 328 639 326 637 329 640 330 641 328 639 331 642 332 643 330 641 333 644 334 645 332 643 335 646 336 647 334 645 337 648 338 649 336 647 339 650 340 651 338 649 340 651 343 652 342 653 342 653 345 654 344 655 344 655 347 656 346 657 346 657 349 658 348 659 349 658 350 660 348 659 350 660 353 661 352 662 352 662 355 663 354 664 355 663 356 665 354 664 357 666 358 667 356 665 359 668 360 669 358 667 361 670 362 671 360 669 362 671 365 672 364 673 364 673 367 674 366 675 367 674 368 676 366 675 369 677 370 678 368 676 371 679 372 680 370 678 373 681 374 682 372 680 375 683 376 684 374 682 377 685 378 686 376 684 379 687 380 688 378 686 367 674 429 689 431 690 380 688 383 691 382 692 383 691 320 634 382 692 382 692 384 693 446 694 409 695 493 696 411 697 438 698 474 699 436 700 332 643 394 701 330 641 383 691 387 702 321 632 348 659 414 703 412 704 333 644 395 705 397 706 366 675 432 707 430 708 349 658 415 709 351 710 367 674 433 711 369 677 334 645 396 712 332 643 352 662 414 703 350 660 335 646 397 706 399 713 370 678 432 707 368 676 351 710 417 714 353 661 371 679 433 711 435 715 336 647 398 716 334 645 354 664 416 717 352 662 337 648 399 713 401 718 372 680 434 719 370 678 355 663 417 714 419 720 373 681 435 715 437 721 336 647 402 722 400 723 354 664 420 724 418 725 337 648 403 726 339 650 320 634 385 727 384 693 374 682 436 700 372 680 355 663 421 728 357 666 321 632 386 729 323 730 375 683 437 721 439 731 338 649 404 732 402 722 356 665 422 733 420 724 339 650 405 734 341 735 376 684 438 698 374 682 357 666 423 736 359 668 322 633 388 737 385 727 377 685 439 731 441 738 340 651 406 739 404 732 325 635 386 729 389 740 360 669 422 733 358 667 341 735 407 741 343 652 378 686 440 742 376 684 359 668 425 743 361 670 326 637 388 737 324 636 379 687 441 738 443 744 342 653 408 745 406 739 327 638 389 740 391 746 362 671 424 747 360 669 343 652 409 695 345 654 378 686 444 748 442 749 363 750 425 743 427 751 328 639 390 752 326 637 379 687 445 753 381 754 344 655 410 755 408 745 329 640 391 746 393 756 364 673 426 757 362 671 345 654 411 697 347 656 380 688 446 694 444 748 365 672 427 751 429 689 330 641 392 758 328 639 383 691 445 753 447 759 346 657 412 704 410 755 331 642 393 756 395 705 366 675 428 760 364 673 347 656 413 761 349 658 497 762 560 763 561 764 396 712 455 765 454 766 410 755 462 767 461 768 426 757 468 769 424 747 385 727 448 770 384 693 438 698 476 771 475 772 398 716 456 773 455 765 414 703 462 767 412 704 428 760 469 774 426 757 385 727 450 775 449 776 442 749 476 771 440 742 402 722 456 773 400 723 414 703 464 777 463 778 430 708 470 779 428 760 388 737 451 780 450 775 444 748 477 781 442 749 404 732 457 782 402 722 418 725 464 777 416 717 432 707 471 783 430 708 390 752 452 784 451 780 444 748 479 785 478 786 404 732 459 787 458 788 420 724 465 789 418 725 434 719 472 790 432 707 392 758 453 791 452 784 384 693 479 785 446 694 408 745 459 787 406 739 420 724 467 792 466 793 434 719 474 699 473 794 396 712 453 791 394 701 408 745 461 768 460 795 422 733 468 769 467 792 450 775 513 796 449 776 423 736 500 797 425 743 437 721 507 798 439 731 397 706 487 799 399 713 413 761 493 696 494 800 427 751 500 797 501 801 386 729 481 802 480 803 439 731 508 804 441 738 399 713 488 805 401 718 413 761 495 806 415 709 429 689 501 801 502 807 386 729 482 808 389 740 443 744 508 804 509 809 403 726 488 805 489 810 415 709 496 811 417 714 431 690 502 807 503 812 389 740 483 813 391 746 445 753 509 809 510 814 405 734 489 810 490 815 419 720 496 811 497 762 431 690 504 816 433 711 391 746 484 817 393 756 445 753 511 818 447 759 405 734 491 819 407 741 419 720 498 820 421 728 435 715 504 816 505 821 393 756 485 822 395 705 387 702 511 818 481 802 409 695 491 819 492 823 421 728 499 824 423 736 437 721 505 821 506 825 397 706 485 822 486 826 477 781 540 827 476 771 451 780 514 828 450 775 497 762 562 829 498 820 478 786 541 830 477 781 451 780 516 831 515 832 498 820 563 833 499 824 479 785 542 834 478 786 452 784 517 835 516 831 500 797 563 833 564 836 448 770 543 837 479 785 454 766 517 835 453 791 500 797 565 838 501 801 455 765 518 839 454 766 501 801 566 840 502 807 456 773 519 841 455 765 503 812 566 840 567 842 456 773 521 843 520 844 504 816 567 842 568 845 457 782 522 846 521 843 505 821 568 845 569 847 458 788 523 848 522 846 506 825 569 847 570 849 459 787 524 850 523 848 506 825 571 851 507 798 480 803 545 852 544 853 460 795 525 854 524 850 508 804 571 851 572 855 482 808 544 853 546 856 462 767 525 854 461 768 509 809 572 855 573 857 483 813 546 856 547 858 463 778 526 859 462 767 510 814 573 857 574 860 484 817 547 858 548 861 463 778 528 862 527 863 510 814 575 864 511 818 484 817 549 865 485 822 465 789 528 862 464 777 481 802 575 864 545 852 486 826 549 865 550 866 465 789 530 867 529 868 487 799 550 866 551 869 466 793 531 870 530 867 488 805 551 869 552 871 468 769 531 870 467 792 488 805 553 872 489 810 468 769 533 873 532 874 489 810 554 875 490 815 469 774 534 876 533 873 490 815 555 877 491 819 471 783 534 876 470 779 491 819 556 878 492 823 472 790 535 879 471 783 492 823 557 880 493 696 473 794 536 881 472 790 494 800 557 880 558 882 474 699 537 883 473 794 494 800 559 884 495 806 475 772 538 885 474 699 449 776 512 886 448 770 495 806 560 763 496 811 476 771 539 887 475 772 641 888 642 889 640 890 642 889 645 891 644 892 645 891 646 893 644 892 647 894 648 895 646 893 649 896 650 897 648 895 651 898 652 899 650 897 653 900 654 901 652 899 655 902 656 903 654 901 657 904 658 905 656 903 659 906 660 907 658 905 660 907 663 908 662 909 662 909 665 910 664 911 664 911 667 912 666 913 666 913 669 914 668 915 669 914 670 916 668 915 670 916 673 917 672 918 672 918 675 919 674 920 675 919 676 921 674 920 677 922 678 923 676 921 679 924 680 925 678 923 681 926 682 927 680 925 682 927 685 928 684 929 684 929 687 930 686 931 687 930 688 932 686 931 689 933 690 934 688 932 691 935 692 936 690 934 693 937 694 938 692 936 695 939 696 940 694 938 697 941 698 942 696 940 699 943 700 944 698 942 687 930 749 945 751 946 700 944 703 947 702 948 703 947 640 890 702 948 702 948 704 949 766 950 729 951 813 952 731 953 758 954 794 955 756 956 652 899 714 957 650 897 703 947 707 958 641 888 668 915 734 959 732 960 653 900 715 961 717 962 686 931 752 963 750 964 669 914 735 965 671 966 687 930 753 967 689 933 654 901 716 968 652 899 672 918 734 959 670 916 655 902 717 962 719 969 690 934 752 963 688 932 671 966 737 970 673 917 691 935 753 967 755 971 656 903 718 972 654 901 674 920 736 973 672 918 657 904 719 969 721 974 692 936 754 975 690 934 675 919 737 970 739 976 693 937 755 971 757 977 656 903 722 978 720 979 674 920 740 980 738 981 657 904 723 982 659 906 640 890 705 983 704 949 694 938 756 956 692 936 675 919 741 984 677 922 641 888 706 985 643 986 695 939 757 977 759 987 658 905 724 988 722 978 676 921 742 989 740 980 659 906 725 990 661 991 696 940 758 954 694 938 677 922 743 992 679 924 642 889 708 993 705 983 697 941 759 987 761 994 660 907 726 995 724 988 645 891 706 985 709 996 680 925 742 989 678 923 661 991 727 997 663 908 698 942 760 998 696 940 679 924 745 999 681 926 646 893 708 993 644 892 699 943 761 994 763 1000 662 909 728 1001 726 995 647 894 709 996 711 1002 682 927 744 1003 680 925 663 908 729 951 665 910 698 942 764 1004 762 1005 683 1006 745 999 747 1007 648 895 710 1008 646 893 699 943 765 1009 701 1010 664 911 730 1011 728 1001 649 896 711 1002 713 1012 684 929 746 1013 682 927 665 910 731 953 667 912 700 944 766 950 764 1004 685 928 747 1007 749 945 650 897 712 1014 648 895 703 947 765 1009 767 1015 666 913 732 960 730 1011 651 898 713 1012 715 961 686 931 748 1016 684 929 667 912 733 1017 669 914 817 1018 880 1019 881 1020 716 968 775 1021 774 1022 730 1011 782 1023 781 1024 746 1013 788 1025 744 1003 705 983 768 1026 704 949 758 954 796 1027 795 1028 718 972 776 1029 775 1021 734 959 782 1023 732 960 748 1016 789 1030 746 1013 705 983 770 1031 769 1032 762 1005 796 1027 760 998 722 978 776 1029 720 979 734 959 784 1033 783 1034 750 964 790 1035 748 1016 708 993 771 1036 770 1031 764 1004 797 1037 762 1005 724 988 777 1038 722 978 738 981 784 1033 736 973 752 963 791 1039 750 964 710 1008 772 1040 771 1036 764 1004 799 1041 798 1042 724 988 779 1043 778 1044 740 980 785 1045 738 981 754 975 792 1046 752 963 712 1014 773 1047 772 1040 704 949 799 1041 766 950 728 1001 779 1043 726 995 740 980 787 1048 786 1049 754 975 794 955 793 1050 716 968 773 1047 714 957 728 1001 781 1024 780 1051 742 989 788 1025 787 1048 770 1031 833 1052 769 1032 743 992 820 1053 745 999 757 977 827 1054 759 987 717 962 807 1055 719 969 733 1017 813 952 814 1056 747 1007 820 1053 821 1057 706 985 801 1058 800 1059 759 987 828 1060 761 994 719 969 808 1061 721 974 733 1017 815 1062 735 965 749 945 821 1057 822 1063 706 985 802 1064 709 996 763 1000 828 1060 829 1065 723 982 808 1061 809 1066 735 965 816 1067 737 970 751 946 822 1063 823 1068 709 996 803 1069 711 1002 765 1009 829 1065 830 1070 725 990 809 1066 810 1071 739 976 816 1067 817 1018 751 946 824 1072 753 967 711 1002 804 1073 713 1012 765 1009 831 1074 767 1015 725 990 811 1075 727 997 739 976 818 1076 741 984 755 971 824 1072 825 1077 713 1012 805 1078 715 961 707 958 831 1074 801 1058 729 951 811 1075 812 1079 741 984 819 1080 743 992 757 977 825 1077 826 1081 717 962 805 1078 806 1082 797 1037 860 1083 796 1027 771 1036 834 1084 770 1031 817 1018 882 829 818 1076 798 1042 861 1085 797 1037 771 1036 836 1086 835 1087 818 1076 883 1088 819 1080 799 1041 862 1089 798 1042 772 1040 837 1090 836 1086 820 1053 883 1088 884 1091 768 1026 863 1092 799 1041 774 1022 837 1090 773 1047 820 1053 885 1093 821 1057 775 1021 838 1094 774 1022 821 1057 886 1095 822 1063 776 1029 839 1096 775 1021 823 1068 886 1095 887 1097 776 1029 841 1098 840 1099 824 1072 887 1097 888 1100 777 1038 842 1101 841 1098 825 1077 888 1100 889 1102 778 1044 843 1103 842 1101 826 1081 889 1102 890 1104 779 1043 844 1105 843 1103 826 1081 891 1106 827 1054 800 1059 865 1107 864 1108 780 1051 845 1109 844 1105 828 1060 891 1106 892 1110 802 1064 864 1108 866 1111 782 1023 845 1109 781 1024 829 1065 892 1110 893 1112 803 1069 866 1111 867 1113 783 1034 846 1114 782 1023 830 1070 893 1112 894 1115 804 1073 867 1113 868 1116 783 1034 848 1117 847 1118 830 1070 895 1119 831 1074 804 1073 869 1120 805 1078 785 1045 848 1117 784 1033 801 1058 895 1119 865 1107 806 1082 869 1120 870 1121 785 1045 850 1122 849 1123 807 1055 870 1121 871 1124 786 1049 851 1125 850 1122 808 1061 871 1124 872 1126 788 1025 851 1125 787 1048 808 1061 873 1127 809 1066 788 1025 853 1128 852 1129 809 1066 874 1130 810 1071 789 1030 854 1131 853 1128 810 1071 875 1132 811 1075 791 1039 854 1131 790 1035 811 1075 876 1133 812 1079 792 1046 855 1134 791 1039 812 1079 877 1135 813 952 793 1050 856 1136 792 1046 814 1056 877 1135 878 1137 794 955 857 1138 793 1050 814 1056 879 1139 815 1062 795 1028 858 1140 794 955 769 1032 832 1141 768 1026 815 1062 880 1019 816 1067 796 1027 859 1142 795 1028 961 1143 962 1144 960 1145 962 1144 965 1146 964 1147 965 1146 966 1148 964 1147 967 1149 968 1150 966 1148 969 1151 970 1152 968 1150 971 1153 972 1154 970 1152 973 1155 974 1156 972 1154 975 1157 976 1158 974 1156 977 1159 978 1160 976 1158 979 1161 980 1162 978 1160 980 1162 983 1163 982 1164 982 1164 985 1165 984 1166 984 1166 987 1167 986 1168 986 1168 989 1169 988 1170 989 1169 990 1171 988 1170 990 1171 993 1172 992 1173 992 1173 995 1174 994 1175 995 1174 996 1176 994 1175 997 1177 998 1178 996 1176 999 1179 1000 1180 998 1178 1001 1181 1002 1182 1000 1180 1002 1182 1005 1183 1004 1184 1004 1184 1007 1185 1006 1186 1007 1185 1008 1187 1006 1186 1009 1188 1010 1189 1008 1187 1011 1190 1012 1191 1010 1189 1013 1192 1014 1193 1012 1191 1015 1194 1016 1195 1014 1193 1017 1196 1018 1197 1016 1195 1019 1198 1020 1199 1018 1197 1007 1185 1069 1200 1071 1201 1020 1199 1023 1202 1022 1203 1023 1202 960 1145 1022 1203 1022 1203 1024 1204 1086 1205 1049 1206 1133 1207 1051 1208 1078 1209 1114 1210 1076 1211 972 1154 1034 1212 970 1152 1023 1202 1027 1213 961 1143 990 1171 1052 1214 988 1170 973 1155 1035 1215 1037 1216 1006 1186 1072 1217 1070 1218 989 1169 1055 1219 991 1220 1007 1185 1073 1221 1009 1188 974 1156 1036 1222 972 1154 992 1173 1054 1223 990 1171 975 1157 1037 1216 1039 1224 1010 1189 1072 1217 1008 1187 991 1220 1057 1225 993 1172 1011 1190 1073 1221 1075 1226 976 1158 1038 1227 974 1156 994 1175 1056 1228 992 1173 977 1159 1039 1224 1041 1229 1012 1191 1074 1230 1010 1189 993 1172 1059 1231 995 1174 1013 1192 1075 1226 1077 1232 976 1158 1042 1233 1040 1234 996 1176 1058 1235 994 1175 977 1159 1043 1236 979 1161 960 1145 1025 1237 1024 1204 1014 1193 1076 1211 1012 1191 995 1174 1061 1238 997 1177 961 1143 1026 1239 963 1240 1015 1194 1077 1232 1079 1241 978 1160 1044 1242 1042 1233 998 1178 1060 1243 996 1176 979 1161 1045 1244 981 1245 1016 1195 1078 1209 1014 1193 997 1177 1063 1246 999 1179 962 1144 1028 1247 1025 1237 1017 1196 1079 1241 1081 1248 980 1162 1046 1249 1044 1242 965 1146 1026 1239 1029 1250 1000 1180 1062 1251 998 1178 981 1245 1047 1252 983 1163 1018 1197 1080 1253 1016 1195 999 1179 1065 1254 1001 1181 966 1148 1028 1247 964 1147 1019 1198 1081 1248 1083 1255 982 1164 1048 1256 1046 1249 967 1149 1029 1250 1031 1257 1002 1182 1064 1258 1000 1180 983 1163 1049 1206 985 1165 1018 1197 1084 1259 1082 1260 1001 1181 1067 1261 1003 1262 968 1150 1030 1263 966 1148 1019 1198 1085 1264 1021 1265 984 1166 1050 1266 1048 1256 969 1151 1031 1257 1033 1267 1004 1184 1066 1268 1002 1182 985 1165 1051 1208 987 1167 1020 1199 1086 1205 1084 1259 1005 1183 1067 1261 1069 1200 970 1152 1032 1269 968 1150 1023 1202 1085 1264 1087 1270 986 1168 1052 1214 1050 1266 971 1153 1033 1267 1035 1215 1006 1186 1068 1271 1004 1184 987 1167 1053 1272 989 1169 1137 1273 1200 1274 1201 1275 1036 1222 1095 1276 1094 1277 1050 1266 1102 1278 1101 1279 1066 1268 1108 1280 1064 1258 1025 1237 1088 1281 1024 1204 1078 1209 1116 1282 1115 1283 1038 1227 1096 1284 1095 1276 1054 1223 1102 1278 1052 1214 1068 1271 1109 1285 1066 1268 1025 1237 1090 1286 1089 1287 1082 1260 1116 1282 1080 1253 1042 1233 1096 1284 1040 1234 1054 1223 1104 1288 1103 1289 1070 1218 1110 1290 1068 1271 1028 1247 1091 1291 1090 1286 1084 1259 1117 1292 1082 1260 1044 1242 1097 1293 1042 1233 1056 1228 1105 1294 1104 1288 1072 1217 1111 1295 1070 1218 1030 1263 1092 1296 1091 1291 1084 1259 1119 1297 1118 1298 1044 1242 1099 1299 1098 1300 1060 1243 1105 1294 1058 1235 1074 1230 1112 1301 1072 1217 1032 1269 1093 1302 1092 1296 1024 1204 1119 1297 1086 1205 1048 1256 1099 1299 1046 1249 1060 1243 1107 1303 1106 1304 1074 1230 1114 1210 1113 1305 1036 1222 1093 1302 1034 1212 1048 1256 1101 1279 1100 1306 1064 1258 1107 1303 1062 1251 1090 1286 1153 1307 1089 1287 1065 1254 1139 1308 1140 1309 1077 1232 1147 1310 1079 1241 1037 1216 1127 1311 1039 1224 1051 1208 1134 1312 1053 1272 1067 1261 1140 1309 1141 1313 1026 1239 1121 1314 1120 1315 1079 1241 1148 1316 1081 1248 1039 1224 1128 1317 1041 1229 1053 1272 1135 1318 1055 1219 1069 1200 1141 1313 1142 1319 1026 1239 1122 1320 1029 1250 1083 1255 1148 1316 1149 1321 1043 1236 1128 1317 1129 1322 1055 1219 1136 1323 1057 1225 1071 1201 1142 1319 1143 1324 1029 1250 1123 1325 1031 1257 1085 1264 1149 1321 1150 1326 1045 1244 1129 1322 1130 1327 1057 1225 1137 1273 1059 1231 1071 1201 1144 1328 1073 1221 1031 1257 1124 1329 1033 1267 1085 1264 1151 1330 1087 1270 1045 1244 1131 1331 1047 1252 1061 1238 1137 1273 1138 1332 1075 1226 1144 1328 1145 1333 1033 1267 1125 1334 1035 1215 1027 1213 1151 1330 1121 1314 1049 1206 1131 1331 1132 1335 1061 1238 1139 1308 1063 1246 1077 1232 1145 1333 1146 1336 1037 1216 1125 1334 1126 1337 1117 1292 1180 1338 1116 1282 1091 1291 1154 1339 1090 1286 1138 1332 1201 1275 1202 573 1118 1298 1181 1340 1117 1292 1091 1291 1156 1341 1155 1342 1138 1332 1203 1343 1139 1308 1119 1297 1182 1344 1118 1298 1092 1296 1157 1345 1156 1341 1140 1309 1203 1343 1204 1346 1088 1281 1183 1347 1119 1297 1094 1277 1157 1345 1093 1302 1140 1309 1205 1348 1141 1313 1095 1276 1158 1349 1094 1277 1141 1313 1206 1350 1142 1319 1096 1284 1159 1351 1095 1276 1143 1324 1206 1350 1207 1352 1096 1284 1161 1353 1160 1354 1144 1328 1207 1352 1208 1355 1097 1293 1162 1356 1161 1353 1145 1333 1208 1355 1209 1357 1098 1300 1163 1358 1162 1356 1146 1336 1209 1357 1210 1359 1099 1299 1164 1360 1163 1358 1146 1336 1211 1361 1147 1310 1120 1315 1185 1362 1184 1363 1100 1306 1165 1364 1164 1360 1148 1316 1211 1361 1212 1365 1122 1320 1184 1363 1186 1366 1102 1278 1165 1364 1101 1279 1149 1321 1212 1365 1213 1367 1123 1325 1186 1366 1187 1368 1103 1289 1166 1369 1102 1278 1150 1326 1213 1367 1214 1370 1124 1329 1187 1368 1188 1371 1103 1289 1168 1372 1167 1373 1150 1326 1215 1374 1151 1330 1124 1329 1189 1375 1125 1334 1105 1294 1168 1372 1104 1288 1121 1314 1215 1374 1185 1362 1126 1337 1189 1375 1190 1376 1105 1294 1170 1377 1169 1378 1127 1311 1190 1376 1191 1379 1106 1304 1171 1380 1170 1377 1128 1317 1191 1379 1192 1381 1108 1280 1171 1380 1107 1303 1128 1317 1193 1382 1129 1322 1108 1280 1173 1383 1172 1384 1129 1322 1194 1385 1130 1327 1109 1285 1174 1386 1173 1383 1130 1327 1195 1387 1131 1331 1111 1295 1174 1386 1110 1290 1131 1331 1196 1388 1132 1335 1112 1301 1175 1389 1111 1295 1132 1335 1197 1390 1133 1207 1113 1305 1176 1391 1112 1301 1134 1312 1197 1390 1198 1392 1114 1210 1177 1393 1113 1305 1134 1312 1199 1394 1135 1318 1115 1283 1178 1395 1114 1210 1089 1287 1152 1396 1088 1281 1135 1318 1200 1274 1136 1323 1116 1282 1179 1397 1115 1283 1 376 3 473 2 377 2 377 3 473 5 379 5 379 7 382 6 381 7 382 9 384 8 383 9 384 11 386 10 385 11 386 13 388 12 387 13 388 15 390 14 389 15 390 17 392 16 391 17 392 19 394 18 393 19 394 21 478 20 395 20 395 21 478 23 396 22 397 23 396 25 398 24 399 25 398 27 400 26 401 27 400 29 402 29 402 31 453 30 404 30 404 31 453 33 405 32 406 33 405 35 407 35 407 37 410 36 409 37 410 39 412 38 411 39 412 41 414 40 413 41 414 43 495 42 415 42 415 43 495 45 416 44 417 45 416 47 418 47 418 49 421 48 420 49 421 51 423 50 422 51 423 53 425 52 424 53 425 55 427 54 426 55 427 57 429 56 428 57 429 59 431 58 430 59 431 61 498 60 432 47 418 45 416 109 433 60 432 61 498 63 435 63 435 1 376 0 378 62 436 0 378 64 437 89 439 172 568 173 440 118 442 155 516 154 443 12 387 76 455 74 445 63 435 127 503 67 446 30 404 94 456 92 447 13 388 11 386 75 448 46 419 48 420 112 450 29 402 93 505 95 452 47 418 111 434 113 454 14 389 78 460 76 455 32 406 96 461 94 456 15 390 13 388 77 449 50 422 114 463 112 450 31 453 95 452 97 458 51 423 49 421 113 454 16 391 80 467 78 460 34 408 98 468 96 461 17 392 15 390 79 457 52 424 116 444 114 463 33 405 97 458 99 464 53 425 51 423 115 459 16 391 18 393 82 466 36 409 100 476 98 468 17 392 81 462 83 469 0 378 2 377 65 470 54 426 118 442 116 444 35 407 99 464 101 471 1 376 67 446 66 472 55 427 53 425 117 465 18 393 20 395 84 475 38 411 102 484 100 476 19 394 83 469 85 477 56 428 120 486 118 442 37 410 101 471 103 479 2 377 4 380 68 480 57 429 55 427 119 474 20 395 22 397 86 482 5 379 3 473 66 472 40 413 104 491 102 484 21 478 85 477 87 485 58 430 122 493 120 486 39 412 103 479 105 487 6 381 70 496 68 480 59 431 57 429 121 481 22 397 24 399 88 489 7 382 5 379 69 483 42 415 106 501 104 491 23 396 87 485 89 439 58 430 60 432 124 492 41 414 105 487 107 494 8 383 72 502 70 496 59 431 123 488 125 497 24 399 26 401 90 499 9 384 7 382 71 490 44 417 108 504 106 501 25 398 89 439 91 441 60 432 62 436 126 438 45 416 43 495 107 494 10 385 74 445 72 502 63 435 61 498 125 497 26 401 28 403 92 447 11 386 9 384 73 500 46 419 110 451 108 504 27 400 91 441 93 505 177 506 176 556 240 507 76 455 78 460 135 509 90 499 92 447 142 511 106 501 149 518 148 513 65 470 129 520 128 514 118 442 120 486 156 515 78 460 80 467 136 517 94 456 143 522 142 511 108 504 150 523 149 518 65 470 68 480 130 519 122 493 157 525 156 515 82 466 137 526 136 517 94 456 96 461 144 521 110 451 151 528 150 523 68 480 70 496 131 524 124 492 158 531 157 525 84 475 138 533 137 526 96 461 98 468 145 527 112 450 152 534 151 528 70 496 72 502 132 529 124 492 126 438 159 530 84 475 86 482 139 532 100 476 146 537 145 527 114 463 153 538 152 534 72 502 74 445 133 535 64 437 128 514 159 530 88 489 140 539 139 532 100 476 102 484 147 536 114 463 116 444 154 443 76 455 134 510 133 535 88 489 90 499 141 512 104 491 148 513 147 536 130 519 194 572 193 540 105 487 103 479 179 541 117 465 186 569 187 543 77 449 166 570 167 544 91 441 173 440 174 545 107 494 105 487 180 542 66 472 67 446 161 547 119 474 187 543 188 549 79 457 167 544 168 550 93 505 174 545 175 551 109 433 107 494 181 546 66 472 160 548 162 553 123 488 121 481 188 549 83 469 81 462 168 550 95 452 175 551 176 556 111 434 109 433 182 552 69 483 162 553 163 558 125 497 123 488 189 554 85 477 83 469 169 555 97 458 176 556 177 506 111 434 183 557 184 561 71 490 163 558 164 562 125 497 190 559 191 563 85 477 170 560 171 564 101 471 99 464 177 506 115 459 113 454 184 561 73 500 164 562 165 567 67 446 127 503 191 563 89 439 87 485 171 564 101 471 178 565 179 541 117 465 115 459 185 566 77 449 75 448 165 567 157 525 221 574 220 571 131 524 195 576 194 572 178 565 177 506 241 508 158 531 222 578 221 574 131 524 132 529 196 575 178 565 242 573 243 577 159 530 223 581 222 578 132 529 133 535 197 579 180 542 179 541 243 577 128 514 192 630 223 581 134 510 198 583 197 579 180 542 244 580 245 582 135 509 199 585 198 583 181 546 245 582 246 584 136 517 200 588 199 585 183 557 182 552 246 584 136 517 137 526 201 587 184 561 183 557 247 586 137 526 138 533 202 590 185 566 184 561 248 589 138 533 139 532 203 592 186 569 185 566 249 591 139 532 140 539 204 594 186 569 250 593 251 595 160 548 161 547 225 596 140 539 141 512 205 598 188 549 187 543 251 595 162 553 160 548 224 597 142 511 206 603 205 598 189 554 188 549 252 599 163 558 162 553 226 600 143 522 207 607 206 603 190 559 189 554 253 601 164 562 163 558 227 602 143 522 144 521 208 606 190 559 254 604 255 608 164 562 228 605 229 609 145 527 209 612 208 606 161 547 191 563 255 608 166 570 165 567 229 609 145 527 146 537 210 611 167 544 166 570 230 610 146 537 147 536 211 614 168 550 167 544 231 613 148 513 212 618 211 614 168 550 232 615 233 616 148 513 149 518 213 617 169 555 233 616 234 619 149 518 150 523 214 620 170 560 234 619 235 621 151 528 215 623 214 620 171 564 235 621 236 622 152 534 216 625 215 623 172 568 236 622 237 624 153 538 217 627 216 625 174 545 173 440 237 624 154 443 218 629 217 627 174 545 238 626 239 628 155 516 219 631 218 629 129 520 193 540 192 630 175 551 239 628 240 507 156 515 220 571 219 631 321 632 323 730 322 633 322 633 323 730 325 635 325 635 327 638 326 637 327 638 329 640 328 639 329 640 331 642 330 641 331 642 333 644 332 643 333 644 335 646 334 645 335 646 337 648 336 647 337 648 339 650 338 649 339 650 341 735 340 651 340 651 341 735 343 652 342 653 343 652 345 654 344 655 345 654 347 656 346 657 347 656 349 658 349 658 351 710 350 660 350 660 351 710 353 661 352 662 353 661 355 663 355 663 357 666 356 665 357 666 359 668 358 667 359 668 361 670 360 669 361 670 363 750 362 671 362 671 363 750 365 672 364 673 365 672 367 674 367 674 369 677 368 676 369 677 371 679 370 678 371 679 373 681 372 680 373 681 375 683 374 682 375 683 377 685 376 684 377 685 379 687 378 686 379 687 381 754 380 688 367 674 365 672 429 689 380 688 381 754 383 691 383 691 321 632 320 634 382 692 320 634 384 693 409 695 492 823 493 696 438 698 475 772 474 699 332 643 396 712 394 701 383 691 447 759 387 702 348 659 350 660 414 703 333 644 331 642 395 705 366 675 368 676 432 707 349 658 413 761 415 709 367 674 431 690 433 711 334 645 398 716 396 712 352 662 416 717 414 703 335 646 333 644 397 706 370 678 434 719 432 707 351 710 415 709 417 714 371 679 369 677 433 711 336 647 400 723 398 716 354 664 418 725 416 717 337 648 335 646 399 713 372 680 436 700 434 719 355 663 353 661 417 714 373 681 371 679 435 715 336 647 338 649 402 722 354 664 356 665 420 724 337 648 401 718 403 726 320 634 322 633 385 727 374 682 438 698 436 700 355 663 419 720 421 728 321 632 387 702 386 729 375 683 373 681 437 721 338 649 340 651 404 732 356 665 358 667 422 733 339 650 403 726 405 734 376 684 440 742 438 698 357 666 421 728 423 736 322 633 324 636 388 737 377 685 375 683 439 731 340 651 342 653 406 739 325 635 323 730 386 729 360 669 424 747 422 733 341 735 405 734 407 741 378 686 442 749 440 742 359 668 423 736 425 743 326 637 390 752 388 737 379 687 377 685 441 738 342 653 344 655 408 745 327 638 325 635 389 740 362 671 426 757 424 747 343 652 407 741 409 695 378 686 380 688 444 748 363 750 361 670 425 743 328 639 392 758 390 752 379 687 443 744 445 753 344 655 346 657 410 755 329 640 327 638 391 746 364 673 428 760 426 757 345 654 409 695 411 697 380 688 382 692 446 694 365 672 363 750 427 751 330 641 394 701 392 758 383 691 381 754 445 753 346 657 348 659 412 704 331 642 329 640 393 756 366 675 430 708 428 760 347 656 411 697 413 761 497 762 496 811 560 763 396 712 398 716 455 765 410 755 412 704 462 767 426 757 469 774 468 769 385 727 449 776 448 770 438 698 440 742 476 771 398 716 400 723 456 773 414 703 463 778 462 767 428 760 470 779 469 774 385 727 388 737 450 775 442 749 477 781 476 771 402 722 457 782 456 773 414 703 416 717 464 777 430 708 471 783 470 779 388 737 390 752 451 780 444 748 478 786 477 781 404 732 458 788 457 782 418 725 465 789 464 777 432 707 472 790 471 783 390 752 392 758 452 784 444 748 446 694 479 785 404 732 406 739 459 787 420 724 466 793 465 789 434 719 473 794 472 790 392 758 394 701 453 791 384 693 448 770 479 785 408 745 460 795 459 787 420 724 422 733 467 792 434 719 436 700 474 699 396 712 454 766 453 791 408 745 410 755 461 768 422 733 424 747 468 769 450 775 514 828 513 796 423 736 499 824 500 797 437 721 506 825 507 798 397 706 486 826 487 799 413 761 411 697 493 696 427 751 425 743 500 797 386 729 387 702 481 802 439 731 507 798 508 804 399 713 487 799 488 805 413 761 494 800 495 806 429 689 427 751 501 801 386 729 480 803 482 808 443 744 441 738 508 804 403 726 401 718 488 805 415 709 495 806 496 811 431 690 429 689 502 807 389 740 482 808 483 813 445 753 443 744 509 809 405 734 403 726 489 810 419 720 417 714 496 811 431 690 503 812 504 816 391 746 483 813 484 817 445 753 510 814 511 818 405 734 490 815 491 819 419 720 497 762 498 820 435 715 433 711 504 816 393 756 484 817 485 822 387 702 447 759 511 818 409 695 407 741 491 819 421 728 498 820 499 824 437 721 435 715 505 821 397 706 395 705 485 822 477 781 541 830 540 827 451 780 515 832 514 828 497 762 561 764 562 829 478 786 542 834 541 830 451 780 452 784 516 831 498 820 562 829 563 833 479 785 543 837 542 834 452 784 453 791 517 835 500 797 499 824 563 833 448 770 512 886 543 837 454 766 518 839 517 835 500 797 564 836 565 838 455 765 519 841 518 839 501 801 565 838 566 840 456 773 520 844 519 841 503 812 502 807 566 840 456 773 457 782 521 843 504 816 503 812 567 842 457 782 458 788 522 846 505 821 504 816 568 845 458 788 459 787 523 848 506 825 505 821 569 847 459 787 460 795 524 850 506 825 570 849 571 851 480 803 481 802 545 852 460 795 461 768 525 854 508 804 507 798 571 851 482 808 480 803 544 853 462 767 526 859 525 854 509 809 508 804 572 855 483 813 482 808 546 856 463 778 527 863 526 859 510 814 509 809 573 857 484 817 483 813 547 858 463 778 464 777 528 862 510 814 574 860 575 864 484 817 548 861 549 865 465 789 529 868 528 862 481 802 511 818 575 864 486 826 485 822 549 865 465 789 466 793 530 867 487 799 486 826 550 866 466 793 467 792 531 870 488 805 487 799 551 869 468 769 532 874 531 870 488 805 552 871 553 872 468 769 469 774 533 873 489 810 553 872 554 875 469 774 470 779 534 876 490 815 554 875 555 877 471 783 535 879 534 876 491 819 555 877 556 878 472 790 536 881 535 879 492 823 556 878 557 880 473 794 537 883 536 881 494 800 493 696 557 880 474 699 538 885 537 883 494 800 558 882 559 884 475 772 539 887 538 885 449 776 513 796 512 886 495 806 559 884 560 763 476 771 540 827 539 887 641 888 643 986 642 889 642 889 643 986 645 891 645 891 647 894 646 893 647 894 649 896 648 895 649 896 651 898 650 897 651 898 653 900 652 899 653 900 655 902 654 901 655 902 657 904 656 903 657 904 659 906 658 905 659 906 661 991 660 907 660 907 661 991 663 908 662 909 663 908 665 910 664 911 665 910 667 912 666 913 667 912 669 914 669 914 671 966 670 916 670 916 671 966 673 917 672 918 673 917 675 919 675 919 677 922 676 921 677 922 679 924 678 923 679 924 681 926 680 925 681 926 683 1006 682 927 682 927 683 1006 685 928 684 929 685 928 687 930 687 930 689 933 688 932 689 933 691 935 690 934 691 935 693 937 692 936 693 937 695 939 694 938 695 939 697 941 696 940 697 941 699 943 698 942 699 943 701 1010 700 944 687 930 685 928 749 945 700 944 701 1010 703 947 703 947 641 888 640 890 702 948 640 890 704 949 729 951 812 1079 813 952 758 954 795 1028 794 955 652 899 716 968 714 957 703 947 767 1015 707 958 668 915 670 916 734 959 653 900 651 898 715 961 686 931 688 932 752 963 669 914 733 1017 735 965 687 930 751 946 753 967 654 901 718 972 716 968 672 918 736 973 734 959 655 902 653 900 717 962 690 934 754 975 752 963 671 966 735 965 737 970 691 935 689 933 753 967 656 903 720 979 718 972 674 920 738 981 736 973 657 904 655 902 719 969 692 936 756 956 754 975 675 919 673 917 737 970 693 937 691 935 755 971 656 903 658 905 722 978 674 920 676 921 740 980 657 904 721 974 723 982 640 890 642 889 705 983 694 938 758 954 756 956 675 919 739 976 741 984 641 888 707 958 706 985 695 939 693 937 757 977 658 905 660 907 724 988 676 921 678 923 742 989 659 906 723 982 725 990 696 940 760 998 758 954 677 922 741 984 743 992 642 889 644 892 708 993 697 941 695 939 759 987 660 907 662 909 726 995 645 891 643 986 706 985 680 925 744 1003 742 989 661 991 725 990 727 997 698 942 762 1005 760 998 679 924 743 992 745 999 646 893 710 1008 708 993 699 943 697 941 761 994 662 909 664 911 728 1001 647 894 645 891 709 996 682 927 746 1013 744 1003 663 908 727 997 729 951 698 942 700 944 764 1004 683 1006 681 926 745 999 648 895 712 1014 710 1008 699 943 763 1000 765 1009 664 911 666 913 730 1011 649 896 647 894 711 1002 684 929 748 1016 746 1013 665 910 729 951 731 953 700 944 702 948 766 950 685 928 683 1006 747 1007 650 897 714 957 712 1014 703 947 701 1010 765 1009 666 913 668 915 732 960 651 898 649 896 713 1012 686 931 750 964 748 1016 667 912 731 953 733 1017 817 1018 816 1067 880 1019 716 968 718 972 775 1021 730 1011 732 960 782 1023 746 1013 789 1030 788 1025 705 983 769 1032 768 1026 758 954 760 998 796 1027 718 972 720 979 776 1029 734 959 783 1034 782 1023 748 1016 790 1035 789 1030 705 983 708 993 770 1031 762 1005 797 1037 796 1027 722 978 777 1038 776 1029 734 959 736 973 784 1033 750 964 791 1039 790 1035 708 993 710 1008 771 1036 764 1004 798 1042 797 1037 724 988 778 1044 777 1038 738 981 785 1045 784 1033 752 963 792 1046 791 1039 710 1008 712 1014 772 1040 764 1004 766 950 799 1041 724 988 726 995 779 1043 740 980 786 1049 785 1045 754 975 793 1050 792 1046 712 1014 714 957 773 1047 704 949 768 1026 799 1041 728 1001 780 1051 779 1043 740 980 742 989 787 1048 754 975 756 956 794 955 716 968 774 1022 773 1047 728 1001 730 1011 781 1024 742 989 744 1003 788 1025 770 1031 834 1084 833 1052 743 992 819 1080 820 1053 757 977 826 1081 827 1054 717 962 806 1082 807 1055 733 1017 731 953 813 952 747 1007 745 999 820 1053 706 985 707 958 801 1058 759 987 827 1054 828 1060 719 969 807 1055 808 1061 733 1017 814 1056 815 1062 749 945 747 1007 821 1057 706 985 800 1059 802 1064 763 1000 761 994 828 1060 723 982 721 974 808 1061 735 965 815 1062 816 1067 751 946 749 945 822 1063 709 996 802 1064 803 1069 765 1009 763 1000 829 1065 725 990 723 982 809 1066 739 976 737 970 816 1067 751 946 823 1068 824 1072 711 1002 803 1069 804 1073 765 1009 830 1070 831 1074 725 990 810 1071 811 1075 739 976 817 1018 818 1076 755 971 753 967 824 1072 713 1012 804 1073 805 1078 707 958 767 1015 831 1074 729 951 727 997 811 1075 741 984 818 1076 819 1080 757 977 755 971 825 1077 717 962 715 961 805 1078 797 1037 861 1085 860 1083 771 1036 835 1087 834 1084 817 1018 881 1020 882 829 798 1042 862 1089 861 1085 771 1036 772 1040 836 1086 818 1076 882 829 883 1088 799 1041 863 1092 862 1089 772 1040 773 1047 837 1090 820 1053 819 1080 883 1088 768 1026 832 1141 863 1092 774 1022 838 1094 837 1090 820 1053 884 1091 885 1093 775 1021 839 1096 838 1094 821 1057 885 1093 886 1095 776 1029 840 1099 839 1096 823 1068 822 1063 886 1095 776 1029 777 1038 841 1098 824 1072 823 1068 887 1097 777 1038 778 1044 842 1101 825 1077 824 1072 888 1100 778 1044 779 1043 843 1103 826 1081 825 1077 889 1102 779 1043 780 1051 844 1105 826 1081 890 1104 891 1106 800 1059 801 1058 865 1107 780 1051 781 1024 845 1109 828 1060 827 1054 891 1106 802 1064 800 1059 864 1108 782 1023 846 1114 845 1109 829 1065 828 1060 892 1110 803 1069 802 1064 866 1111 783 1034 847 1118 846 1114 830 1070 829 1065 893 1112 804 1073 803 1069 867 1113 783 1034 784 1033 848 1117 830 1070 894 1115 895 1119 804 1073 868 1116 869 1120 785 1045 849 1123 848 1117 801 1058 831 1074 895 1119 806 1082 805 1078 869 1120 785 1045 786 1049 850 1122 807 1055 806 1082 870 1121 786 1049 787 1048 851 1125 808 1061 807 1055 871 1124 788 1025 852 1129 851 1125 808 1061 872 1126 873 1127 788 1025 789 1030 853 1128 809 1066 873 1127 874 1130 789 1030 790 1035 854 1131 810 1071 874 1130 875 1132 791 1039 855 1134 854 1131 811 1075 875 1132 876 1133 792 1046 856 1136 855 1134 812 1079 876 1133 877 1135 793 1050 857 1138 856 1136 814 1056 813 952 877 1135 794 955 858 1140 857 1138 814 1056 878 1137 879 1139 795 1028 859 1142 858 1140 769 1032 833 1052 832 1141 815 1062 879 1139 880 1019 796 1027 860 1083 859 1142 961 1143 963 1240 962 1144 962 1144 963 1240 965 1146 965 1146 967 1149 966 1148 967 1149 969 1151 968 1150 969 1151 971 1153 970 1152 971 1153 973 1155 972 1154 973 1155 975 1157 974 1156 975 1157 977 1159 976 1158 977 1159 979 1161 978 1160 979 1161 981 1245 980 1162 980 1162 981 1245 983 1163 982 1164 983 1163 985 1165 984 1166 985 1165 987 1167 986 1168 987 1167 989 1169 989 1169 991 1220 990 1171 990 1171 991 1220 993 1172 992 1173 993 1172 995 1174 995 1174 997 1177 996 1176 997 1177 999 1179 998 1178 999 1179 1001 1181 1000 1180 1001 1181 1003 1262 1002 1182 1002 1182 1003 1262 1005 1183 1004 1184 1005 1183 1007 1185 1007 1185 1009 1188 1008 1187 1009 1188 1011 1190 1010 1189 1011 1190 1013 1192 1012 1191 1013 1192 1015 1194 1014 1193 1015 1194 1017 1196 1016 1195 1017 1196 1019 1198 1018 1197 1019 1198 1021 1265 1020 1199 1007 1185 1005 1183 1069 1200 1020 1199 1021 1265 1023 1202 1023 1202 961 1143 960 1145 1022 1203 960 1145 1024 1204 1049 1206 1132 1335 1133 1207 1078 1209 1115 1283 1114 1210 972 1154 1036 1222 1034 1212 1023 1202 1087 1270 1027 1213 990 1171 1054 1223 1052 1214 973 1155 971 1153 1035 1215 1006 1186 1008 1187 1072 1217 989 1169 1053 1272 1055 1219 1007 1185 1071 1201 1073 1221 974 1156 1038 1227 1036 1222 992 1173 1056 1228 1054 1223 975 1157 973 1155 1037 1216 1010 1189 1074 1230 1072 1217 991 1220 1055 1219 1057 1225 1011 1190 1009 1188 1073 1221 976 1158 1040 1234 1038 1227 994 1175 1058 1235 1056 1228 977 1159 975 1157 1039 1224 1012 1191 1076 1211 1074 1230 993 1172 1057 1225 1059 1231 1013 1192 1011 1190 1075 1226 976 1158 978 1160 1042 1233 996 1176 1060 1243 1058 1235 977 1159 1041 1229 1043 1236 960 1145 962 1144 1025 1237 1014 1193 1078 1209 1076 1211 995 1174 1059 1231 1061 1238 961 1143 1027 1213 1026 1239 1015 1194 1013 1192 1077 1232 978 1160 980 1162 1044 1242 998 1178 1062 1251 1060 1243 979 1161 1043 1236 1045 1244 1016 1195 1080 1253 1078 1209 997 1177 1061 1238 1063 1246 962 1144 964 1147 1028 1247 1017 1196 1015 1194 1079 1241 980 1162 982 1164 1046 1249 965 1146 963 1240 1026 1239 1000 1180 1064 1258 1062 1251 981 1245 1045 1244 1047 1252 1018 1197 1082 1260 1080 1253 999 1179 1063 1246 1065 1254 966 1148 1030 1263 1028 1247 1019 1198 1017 1196 1081 1248 982 1164 984 1166 1048 1256 967 1149 965 1146 1029 1250 1002 1182 1066 1268 1064 1258 983 1163 1047 1252 1049 1206 1018 1197 1020 1199 1084 1259 1001 1181 1065 1254 1067 1261 968 1150 1032 1269 1030 1263 1019 1198 1083 1255 1085 1264 984 1166 986 1168 1050 1266 969 1151 967 1149 1031 1257 1004 1184 1068 1271 1066 1268 985 1165 1049 1206 1051 1208 1020 1199 1022 1203 1086 1205 1005 1183 1003 1262 1067 1261 970 1152 1034 1212 1032 1269 1023 1202 1021 1265 1085 1264 986 1168 988 1170 1052 1214 971 1153 969 1151 1033 1267 1006 1186 1070 1218 1068 1271 987 1167 1051 1208 1053 1272 1137 1273 1136 1323 1200 1274 1036 1222 1038 1227 1095 1276 1050 1266 1052 1214 1102 1278 1066 1268 1109 1285 1108 1280 1025 1237 1089 1287 1088 1281 1078 1209 1080 1253 1116 1282 1038 1227 1040 1234 1096 1284 1054 1223 1103 1289 1102 1278 1068 1271 1110 1290 1109 1285 1025 1237 1028 1247 1090 1286 1082 1260 1117 1292 1116 1282 1042 1233 1097 1293 1096 1284 1054 1223 1056 1228 1104 1288 1070 1218 1111 1295 1110 1290 1028 1247 1030 1263 1091 1291 1084 1259 1118 1298 1117 1292 1044 1242 1098 1300 1097 1293 1056 1228 1058 1235 1105 1294 1072 1217 1112 1301 1111 1295 1030 1263 1032 1269 1092 1296 1084 1259 1086 1205 1119 1297 1044 1242 1046 1249 1099 1299 1060 1243 1106 1304 1105 1294 1074 1230 1113 1305 1112 1301 1032 1269 1034 1212 1093 1302 1024 1204 1088 1281 1119 1297 1048 1256 1100 1306 1099 1299 1060 1243 1062 1251 1107 1303 1074 1230 1076 1211 1114 1210 1036 1222 1094 1277 1093 1302 1048 1256 1050 1266 1101 1279 1064 1258 1108 1280 1107 1303 1090 1286 1154 1339 1153 1307 1065 1254 1063 1246 1139 1308 1077 1232 1146 1336 1147 1310 1037 1216 1126 1337 1127 1311 1051 1208 1133 1207 1134 1312 1067 1261 1065 1254 1140 1309 1026 1239 1027 1213 1121 1314 1079 1241 1147 1310 1148 1316 1039 1224 1127 1311 1128 1317 1053 1272 1134 1312 1135 1318 1069 1200 1067 1261 1141 1313 1026 1239 1120 1315 1122 1320 1083 1255 1081 1248 1148 1316 1043 1236 1041 1229 1128 1317 1055 1219 1135 1318 1136 1323 1071 1201 1069 1200 1142 1319 1029 1250 1122 1320 1123 1325 1085 1264 1083 1255 1149 1321 1045 1244 1043 1236 1129 1322 1057 1225 1136 1323 1137 1273 1071 1201 1143 1324 1144 1328 1031 1257 1123 1325 1124 1329 1085 1264 1150 1326 1151 1330 1045 1244 1130 1327 1131 1331 1061 1238 1059 1231 1137 1273 1075 1226 1073 1221 1144 1328 1033 1267 1124 1329 1125 1334 1027 1213 1087 1270 1151 1330 1049 1206 1047 1252 1131 1331 1061 1238 1138 1332 1139 1308 1077 1232 1075 1226 1145 1333 1037 1216 1035 1215 1125 1334 1117 1292 1181 1340 1180 1338 1091 1291 1155 1342 1154 1339 1138 1332 1137 1273 1201 1275 1118 1298 1182 1344 1181 1340 1091 1291 1092 1296 1156 1341 1138 1332 1202 573 1203 1343 1119 1297 1183 1347 1182 1344 1092 1296 1093 1302 1157 1345 1140 1309 1139 1308 1203 1343 1088 1281 1152 1396 1183 1347 1094 1277 1158 1349 1157 1345 1140 1309 1204 1346 1205 1348 1095 1276 1159 1351 1158 1349 1141 1313 1205 1348 1206 1350 1096 1284 1160 1354 1159 1351 1143 1324 1142 1319 1206 1350 1096 1284 1097 1293 1161 1353 1144 1328 1143 1324 1207 1352 1097 1293 1098 1300 1162 1356 1145 1333 1144 1328 1208 1355 1098 1300 1099 1299 1163 1358 1146 1336 1145 1333 1209 1357 1099 1299 1100 1306 1164 1360 1146 1336 1210 1359 1211 1361 1120 1315 1121 1314 1185 1362 1100 1306 1101 1279 1165 1364 1148 1316 1147 1310 1211 1361 1122 1320 1120 1315 1184 1363 1102 1278 1166 1369 1165 1364 1149 1321 1148 1316 1212 1365 1123 1325 1122 1320 1186 1366 1103 1289 1167 1373 1166 1369 1150 1326 1149 1321 1213 1367 1124 1329 1123 1325 1187 1368 1103 1289 1104 1288 1168 1372 1150 1326 1214 1370 1215 1374 1124 1329 1188 1371 1189 1375 1105 1294 1169 1378 1168 1372 1121 1314 1151 1330 1215 1374 1126 1337 1125 1334 1189 1375 1105 1294 1106 1304 1170 1377 1127 1311 1126 1337 1190 1376 1106 1304 1107 1303 1171 1380 1128 1317 1127 1311 1191 1379 1108 1280 1172 1384 1171 1380 1128 1317 1192 1381 1193 1382 1108 1280 1109 1285 1173 1383 1129 1322 1193 1382 1194 1385 1109 1285 1110 1290 1174 1386 1130 1327 1194 1385 1195 1387 1111 1295 1175 1389 1174 1386 1131 1331 1195 1387 1196 1388 1112 1301 1176 1391 1175 1389 1132 1335 1196 1388 1197 1390 1113 1305 1177 1393 1176 1391 1134 1312 1133 1207 1197 1390 1114 1210 1178 1395 1177 1393 1134 1312 1198 1392 1199 1394 1115 1283 1179 1397 1178 1395 1089 1287 1153 1307 1152 1396 1135 1318 1199 1394 1200 1274 1116 1282 1180 1338 1179 1397</p>
        </triangles>
        <triangles material="Wheels-material" count="240">
          <input semantic="VERTEX" source="#Cube_001-mesh-vertices" offset="0"/>
          <input semantic="NORMAL" source="#Cube_001-mesh-normals" offset="1"/>
          <p>271 1398 279 1398 287 1398 306 1399 298 1399 314 1399 591 1398 599 1398 607 1398 626 1400 618 1400 634 1400 911 1401 923 1401 927 1401 946 46 938 46 954 46 1231 1402 1243 1402 1247 1402 1266 46 1258 46 1274 46 287 47 256 47 257 47 257 1403 258 1403 287 1403 259 1404 260 1404 263 1404 261 47 262 47 263 47 263 47 264 47 265 47 265 47 266 47 267 47 267 1405 268 1405 271 1405 269 1406 270 1406 271 1406 271 47 272 47 273 47 273 1407 274 1407 275 1407 275 1408 276 1408 279 1408 277 47 278 47 279 47 279 47 280 47 283 47 281 1409 282 1409 283 1409 283 1410 284 1410 285 1410 285 1411 286 1411 287 1411 287 1412 258 1412 259 1412 260 1413 261 1413 263 1413 263 47 265 47 271 47 268 47 269 47 271 47 271 47 273 47 279 47 276 47 277 47 279 47 280 47 281 47 283 47 283 47 285 47 279 47 287 47 259 47 271 47 265 1414 267 1414 271 1414 273 47 275 47 279 47 279 1415 285 1415 287 1415 259 1416 263 1416 271 1416 290 1417 288 1417 289 1417 289 1418 319 1418 290 1418 318 46 317 46 314 46 316 46 315 46 314 46 314 46 313 46 312 46 312 1419 311 1419 310 1419 310 1420 309 1420 308 1420 308 46 307 46 306 46 306 1421 305 1421 304 1421 304 46 303 46 302 46 302 1422 301 1422 300 1422 300 1423 299 1423 298 1423 298 1424 297 1424 296 1424 296 1425 295 1425 294 1425 294 1426 293 1426 292 1426 292 1427 291 1427 294 1427 290 1428 319 1428 318 1428 317 1429 316 1429 314 1429 314 46 312 46 310 46 310 46 308 46 314 46 306 1430 304 1430 298 1430 302 1431 300 1431 298 1431 298 1432 296 1432 290 1432 294 1433 291 1433 290 1433 290 1434 318 1434 314 1434 314 1435 308 1435 306 1435 304 1436 302 1436 298 1436 296 1437 294 1437 290 1437 290 1438 314 1438 298 1438 607 47 576 47 577 47 577 1439 578 1439 607 1439 579 1440 580 1440 583 1440 581 47 582 47 583 47 583 47 584 47 585 47 585 47 586 47 587 47 587 1441 588 1441 591 1441 589 1442 590 1442 591 1442 591 47 592 47 593 47 593 1443 594 1443 595 1443 595 1444 596 1444 599 1444 597 47 598 47 599 47 599 47 600 47 603 47 601 1445 602 1445 603 1445 603 1446 604 1446 605 1446 605 1447 606 1447 607 1447 607 1448 578 1448 579 1448 580 1413 581 1413 583 1413 583 47 585 47 591 47 588 47 589 47 591 47 591 47 593 47 599 47 596 47 597 47 599 47 600 47 601 47 603 47 603 47 605 47 599 47 607 47 579 47 591 47 585 1449 587 1449 591 1449 593 47 595 47 599 47 599 1450 605 1450 607 1450 579 1451 583 1451 591 1451 610 1452 608 1452 609 1452 609 1453 639 1453 610 1453 638 46 637 46 634 46 636 46 635 46 634 46 634 46 633 46 632 46 632 1454 631 1454 630 1454 630 1455 629 1455 628 1455 628 46 627 46 626 46 626 1456 625 1456 624 1456 624 46 623 46 622 46 622 1457 621 1457 620 1457 620 1458 619 1458 618 1458 618 1424 617 1424 616 1424 616 1425 615 1425 614 1425 614 1459 613 1459 612 1459 612 1460 611 1460 614 1460 610 1461 639 1461 638 1461 637 1462 636 1462 634 1462 634 46 632 46 630 46 630 46 628 46 634 46 626 1463 624 1463 618 1463 622 1464 620 1464 618 1464 618 1465 616 1465 610 1465 614 1466 611 1466 610 1466 610 1467 638 1467 634 1467 634 1468 628 1468 626 1468 624 1469 622 1469 618 1469 616 1470 614 1470 610 1470 610 1471 634 1471 618 1471 927 1472 896 1472 897 1472 897 47 898 47 927 47 899 1473 900 1473 903 1473 901 1474 902 1474 903 1474 903 47 904 47 905 47 905 1475 906 1475 907 1475 907 47 908 47 911 47 909 1442 910 1442 911 1442 911 47 912 47 913 47 913 47 914 47 915 47 915 1476 916 1476 919 1476 917 1477 918 1477 919 1477 919 1478 920 1478 923 1478 921 1479 922 1479 923 1479 923 1480 924 1480 925 1480 925 47 926 47 927 47 927 47 898 47 899 47 900 1413 901 1413 903 1413 903 47 905 47 911 47 908 1481 909 1481 911 1481 911 47 913 47 919 47 916 47 917 47 919 47 920 47 921 47 923 47 923 1482 925 1482 927 1482 927 47 899 47 903 47 905 47 907 47 911 47 913 1483 915 1483 919 1483 919 1484 923 1484 911 1484 927 1485 903 1485 911 1485 930 46 928 46 929 46 929 1486 959 1486 930 1486 958 46 957 46 954 46 956 1487 955 1487 954 1487 954 1488 953 1488 952 1488 952 46 951 46 950 46 950 46 949 46 948 46 948 1489 947 1489 946 1489 946 46 945 46 944 46 944 46 943 46 942 46 942 1490 941 1490 940 1490 940 1491 939 1491 938 1491 938 1492 937 1492 936 1492 936 1493 935 1493 934 1493 934 1494 933 1494 932 1494 932 46 931 46 934 46 930 1495 959 1495 958 1495 957 1496 956 1496 954 1496 954 46 952 46 950 46 950 46 948 46 954 46 946 46 944 46 938 46 942 1497 940 1497 938 1497 938 1498 936 1498 930 1498 934 1499 931 1499 930 1499 930 1500 958 1500 954 1500 954 46 948 46 946 46 944 46 942 46 938 46 936 1501 934 1501 930 1501 930 46 954 46 938 46 1247 1502 1216 1502 1217 1502 1217 47 1218 47 1247 47 1219 1503 1220 1503 1223 1503 1221 1504 1222 1504 1223 1504 1223 47 1224 47 1225 47 1225 1409 1226 1409 1227 1409 1227 47 1228 47 1231 47 1229 1406 1230 1406 1231 1406 1231 47 1232 47 1233 47 1233 47 1234 47 1235 47 1235 1505 1236 1505 1239 1505 1237 1506 1238 1506 1239 1506 1239 1507 1240 1507 1243 1507 1241 1474 1242 1474 1243 1474 1243 1508 1244 1508 1245 1508 1245 47 1246 47 1247 47 1247 47 1218 47 1219 47 1220 1413 1221 1413 1223 1413 1223 47 1225 47 1231 47 1228 1481 1229 1481 1231 1481 1231 47 1233 47 1239 47 1236 47 1237 47 1239 47 1240 47 1241 47 1243 47 1243 1509 1245 1509 1247 1509 1247 47 1219 47 1223 47 1225 47 1227 47 1231 47 1233 1510 1235 1510 1239 1510 1239 1511 1243 1511 1231 1511 1247 1485 1223 1485 1231 1485 1250 46 1248 46 1249 46 1249 1512 1279 1512 1250 1512 1278 46 1277 46 1274 46 1276 1513 1275 1513 1274 1513 1274 1488 1273 1488 1272 1488 1272 46 1271 46 1270 46 1270 46 1269 46 1268 46 1268 1490 1267 1490 1266 1490 1266 46 1265 46 1264 46 1264 46 1263 46 1262 46 1262 1514 1261 1514 1260 1514 1260 1515 1259 1515 1258 1515 1258 1492 1257 1492 1256 1492 1256 1493 1255 1493 1254 1493 1254 1516 1253 1516 1252 1516 1252 46 1251 46 1254 46 1250 1517 1279 1517 1278 1517 1277 1518 1276 1518 1274 1518 1274 46 1272 46 1270 46 1270 46 1268 46 1274 46 1266 46 1264 46 1258 46 1262 1519 1260 1519 1258 1519 1258 1520 1256 1520 1250 1520 1254 1521 1251 1521 1250 1521 1250 1522 1278 1522 1274 1522 1274 46 1268 46 1266 46 1264 46 1262 46 1258 46 1256 1523 1254 1523 1250 1523 1250 46 1274 46 1258 46</p>
        </triangles>
      </mesh>
    </geometry>
  </library_geometries>
  <library_visual_scenes>
    <visual_scene id="Scene" name="Scene">
      <node id="Car" name="Car" type="NODE">
        <matrix sid="transform">13.68913 0 0 0 0 13.68913 0 0 0 0 13.68913 0 0 0 0 1</matrix>
        <instance_geometry url="#Cube_001-mesh" name="Car">
          <bind_material>
            <technique_common>
              <instance_material symbol="Lights-material" target="#Lights-material"/>
              <instance_material symbol="Body-material" target="#Body-material"/>
              <instance_material symbol="Black-material" target="#Black-material"/>
              <instance_material symbol="Window-material" target="#Window-material"/>
              <instance_material symbol="Bumpers-material" target="#Bumpers-material"/>
              <instance_material symbol="Bottom-material" target="#Bottom-material"/>
              <instance_material symbol="Tires-material" target="#Tires-material"/>
              <instance_material symbol="Wheels-material" target="#Wheels-material"/>
            </technique_common>
          </bind_material>
        </instance_geometry>
      </node>
    </visual_scene>
  </library_visual_scenes>
  <scene>
    <instance_visual_scene url="#Scene"/>
  </scene>
</COLLADA>