<?xml version="1.0" encoding="UTF-8" standalone="no" ?>
<COLLADA xmlns="http://www.collada.org/2005/11/COLLADASchema" version="1.4.1">
  <asset>
    <contributor>
      <author>Assimp</author>
      <authoring_tool>THREE.GLTFExporter r178</authoring_tool>
    </contributor>
    <created>2026-05-18T14:58:28</created>
    <modified>2026-05-18T14:58:28</modified>
    <unit name="meter" meter="1" />
    <up_axis>Y_UP</up_axis>
  </asset>
  <library_images>
  </library_images>
  <library_effects>
    <effect id="Bark-fx" name="Bark">
      <profile_COMMON>
        <technique sid="standard">
          <phong>
            <emission>
              <color sid="emission">0   0   0   1</color>
            </emission>
            <diffuse>
              <color sid="diffuse">1   1   1   1</color>
            </diffuse>
            <shininess>
              <float sid="shininess">0</float>
            </shininess>
            <transparency>
              <float sid="transparency">1</float>
            </transparency>
          </phong>
        </technique>
      </profile_COMMON>
    </effect>
    <effect id="Tree-fx" name="Tree">
      <profile_COMMON>
        <technique sid="standard">
          <phong>
            <emission>
              <color sid="emission">0   0   0   1</color>
            </emission>
            <diffuse>
              <color sid="diffuse">1   1   1   1</color>
            </diffuse>
            <shininess>
              <float sid="shininess">0</float>
            </shininess>
            <transparency>
              <float sid="transparency">1</float>
            </transparency>
          </phong>
        </technique>
      </profile_COMMON>
    </effect>
    <effect id="material_2-fx" name="">
      <profile_COMMON>
        <technique sid="standard">
          <phong>
            <emission>
              <color sid="emission">0   0   0   1</color>
            </emission>
            <diffuse>
              <color sid="diffuse">1   1   1   1</color>
            </diffuse>
            <shininess>
              <float sid="shininess">0</float>
            </shininess>
            <transparency>
              <float sid="transparency">1</float>
            </transparency>
          </phong>
        </technique>
      </profile_COMMON>
    </effect>
  </library_effects>
  <library_materials>
    <material id="Bark" name="Bark">
      <instance_effect url="#Bark-fx"/>
    </material>
    <material id="Tree" name="Tree">
      <instance_effect url="#Tree-fx"/>
    </material>
    <material id="material_2" name="">
      <instance_effect url="#material_2-fx"/>
    </material>
  </library_materials>
  <library_geometries>
    <geometry id="meshesQ0S-0" name="meshes[0]-0" >
      <mesh>
        <source id="meshesQ0S-0-positions" name="meshesQ0S-0-positions">
          <float_array id="meshesQ0S-0-positions-array" count="2292"> 0.00078688201 0.00282926019 -0.00129208004 0.000634320022 0.00339803007 -0.000788072997 0.00259034988 0.00458157016 -0.00236405991 0.00228499016 0.00493521988 -0.00178958999 0.000981512014 0.00347944 -7.89128972e-05 0.00261892006 0.00492501026 -0.00115014997 0.000634320022 0.00339803007 -0.000788072997 0.00228499016 0.00493521988 -0.00178958999 0.00152377994 0.00291226013 9.19507947e-05 0.00330714998 0.00468919985 -0.00105696998 0.000981512014 0.00347944 -7.89128972e-05 0.00261892006 0.00492501026 -0.00115014997 0.00167634001 0.00234348979 -0.000412050984 0.00357986009 0.0042774803 -0.00160875998 0.00152377994 0.00291226013 9.19507947e-05 0.00330714998 0.00468919985 -0.00105696998 0.00167634001 0.00234348979 -0.000412050984 0.00132914993 0.00226208987 -0.00112120993 0.00357986009 0.0042774803 -0.00160875998 0.00319057005 0.00418931013 -0.00220973999 0.00132914993 0.00226208987 -0.00112120993 0.00078688201 0.00282926019 -0.00129208004 0.00319057005 0.00418931013 -0.00220973999 0.00259034988 0.00458157016 -0.00236405991 0.00259034988 0.00458157016 -0.00236405991 0.00228499016 0.00493521988 -0.00178958999 0.00354872993 0.00747468974 -0.00308566005 0.00317914016 0.00778206019 -0.00258487021 0.00345759001 0.0079159094 -0.00198529009 0.00317914016 0.00778206019 -0.00258487021 0.00261892006 0.00492501026 -0.00115014997 0.00228499016 0.00493521988 -0.00178958999 0.00330714998 0.00468919985 -0.00105696998 0.00412952993 0.00782592036 -0.00185390993 0.00261892006 0.00492501026 -0.00115014997 0.00345759001 0.0079159094 -0.00198529009 0.00330714998 0.00468919985 -0.00105696998 0.00357986009 0.0042774803 -0.00160875998 0.00412952993 0.00782592036 -0.00185390993 0.00446703983 0.00743150013 -0.00231474987 0.00357986009 0.0042774803 -0.00160875998 0.00319057005 0.00418931013 -0.00220973999 0.00446703983 0.00743150013 -0.00231474987 0.00416741008 0.00724017015 -0.00288795005 0.00319057005 0.00418931013 -0.00220973999 0.00259034988 0.00458157016 -0.00236405991 0.00416741008 0.00724017015 -0.00288795005 0.00354872993 0.00747468974 -0.00308566005 0.00317914016 0.00778206019 -0.00258487021 0.00432966975 0.0100261001 -0.00418946985 0.00354872993 0.00747468974 -0.00308566005 0.00461061997 0.00971550029 -0.00461095991 0.00345759001 0.0079159094 -0.00198529009 0.00461849011 0.0103778001 -0.00375895994 0.00317914016 0.00778206019 -0.00258487021 0.00432966975 0.0100261001 -0.00418946985 0.00345759001 0.0079159094 -0.00198529009 0.00412952993 0.00782592036 -0.00185390993 0.00461849011 0.0103778001 -0.00375895994 0.00519319996 0.0101512 -0.00364934001 0.00412952993 0.00782592036 -0.00185390993 0.00446703983 0.00743150013 -0.00231474987 0.00519319996 0.0101512 -0.00364934001 0.00544640003 0.00975915976 -0.00401711976 0.00416741008 0.00724017015 -0.00288795005 0.00523060979 0.00962172076 -0.00458894996 0.00446703983 0.00743150013 -0.00231474987 0.00544640003 0.00975915976 -0.00401711976 0.00416741008 0.00724017015 -0.00288795005 0.00354872993 0.00747468974 -0.00308566005 0.00523060979 0.00962172076 -0.00458894996 0.00461061997 0.00971550029 -0.00461095991 0.00432966975 0.0100261001 -0.00418946985 0.00494374009 0.0124322996 -0.0057556401 0.00461061997 0.00971550029 -0.00461095991 0.00532990973 0.0121494001 -0.00604677992 0.00432966975 0.0100261001 -0.00418946985 0.00461849011 0.0103778001 -0.00375895994 0.00494374009 0.0124322996 -0.0057556401 0.00513216015 0.0127580995 -0.00532972021 0.00519319996 0.0101512 -0.00364934001 0.00568199996 0.0127851004 -0.0052436702 0.00461849011 0.0103778001 -0.00375895994 0.00513216015 0.0127580995 -0.00532972021 0.00544640003 0.00975915976 -0.00401711976 0.00606216025 0.0126056001 -0.00561405998 0.00519319996 0.0101512 -0.00364934001 0.00568199996 0.0127851004 -0.0052436702 0.00544640003 0.00975915976 -0.00401711976 0.00523060979 0.00962172076 -0.00458894996 0.00606216025 0.0126056001 -0.00561405998 0.00587456999 0.0122654997 -0.00602900982 0.00523060979 0.00962172076 -0.00458894996 0.00461061997 0.00971550029 -0.00461095991 0.00587456999 0.0122654997 -0.00602900982 0.00532990973 0.0121494001 -0.00604677992 0.00532990973 0.0121494001 -0.00604677992 0.00494374009 0.0124322996 -0.0057556401 0.00450481987 0.0144673996 -0.00818700064 0.00419016974 0.0145512996 -0.00782242045 0.00513216015 0.0127580995 -0.00532972021 0.00429636007 0.0148644997 -0.00742080016 0.00494374009 0.0124322996 -0.0057556401 0.00419016974 0.0145512996 -0.00782242045 0.00568199996 0.0127851004 -0.0052436702 0.00481237983 0.0149139008 -0.0073772301 0.00513216015 0.0127580995 -0.00532972021 0.00429636007 0.0148644997 -0.00742080016 0.00606216025 0.0126056001 -0.00561405998 0.00512365019 0.0148422001 -0.00774729019 0.00568199996 0.0127851004 -0.0052436702 0.00481237983 0.0149139008 -0.0073772301 0.00587456999 0.0122654997 -0.00602900982 0.00497229025 0.0146928998 -0.00822209008 0.00606216025 0.0126056001 -0.00561405998 0.00512365019 0.0148422001 -0.00774729019 0.00587456999 0.0122654997 -0.00602900982 0.00532990973 0.0121494001 -0.00604677992 0.00497229025 0.0146928998 -0.00822209008 0.00450481987 0.0144673996 -0.00818700064 0.00450481987 0.0144673996 -0.00818700064 0.00419016974 0.0145512996 -0.00782242045 0.00399985025 0.0173570011 -0.00828958023 0.00373223005 0.0174265001 -0.00797026046 0.00419016974 0.0145512996 -0.00782242045 0.00429636007 0.0148644997 -0.00742080016 0.00373223005 0.0174265001 -0.00797026046 0.00386047014 0.0175496005 -0.00758888014 0.00429636007 0.0148644997 -0.00742080016 0.00481237983 0.0149139008 -0.0073772301 0.00386047014 0.0175496005 -0.00758888014 0.00427885028 0.0175478999 -0.00750233 0.00481237983 0.0149139008 -0.0073772301 0.00512365019 0.0148422001 -0.00774729019 0.00427885028 0.0175478999 -0.00750233 0.0045416397 0.0174121 -0.00780389039 0.00497229025 0.0146928998 -0.00822209008 0.00441747019 0.0173448995 -0.00820024963 0.00512365019 0.0148422001 -0.00774729019 0.0045416397 0.0174121 -0.00780389039 0.00450481987 0.0144673996 -0.00818700064 0.00399985025 0.0173570011 -0.00828958023 0.00497229025 0.0146928998 -0.00822209008 0.00441747019 0.0173448995 -0.00820024963 -0.00155758997 0.00254364987 0.000157998991 -0.00354369008 0.00465459004 0.00116325996 -0.00132998999 0.00306874979 -0.000363728992 -0.00313891005 0.00492040999 0.000608951959 -0.00155758997 0.00254364987 0.000157998991 -0.00127446 0.00248797005 0.000896637037 -0.00354369008 0.00465459004 0.00116325996 -0.00318724988 0.00457936991 0.00179795001 -0.00127446 0.00248797005 0.000896637037 -0.000713633024 0.00303217 0.00107856002 -0.00318724988 0.00457936991 0.00179795001 -0.00255970005 0.00489534019 0.00193327002 -0.000713633024 0.00303217 0.00107856002 -0.000486032019 0.00355727016 0.000556834973 -0.00255970005 0.00489534019 0.00193327002 -0.00219822 0.00525073009 0.00139960006 -0.000769165985 0.00361294998 -0.00018180201 -0.00247851992 0.00516847987 0.000728617015 -0.000486032019 0.00355727016 0.000556834973 -0.00219822 0.00525073009 0.00139960006 -0.00132998999 0.00306874979 -0.000363728992 -0.00313891005 0.00492040999 0.000608951959 -0.000769165985 0.00361294998 -0.00018180201 -0.00247851992 0.00516847987 0.000728617015 -0.00408153003 0.0079633696 0.00140744995 -0.00369165 0.00811752025 0.00082833803 -0.00354369008 0.00465459004 0.00116325996 -0.00313891005 0.00492040999 0.000608951959 -0.00318724988 0.00457936991 0.00179795001 -0.00381856994 0.00791916996 0.00202716002 -0.00354369008 0.00465459004 0.00116325996 -0.00408153003 0.0079633696 0.00140744995 -0.00381856994 0.00791916996 0.00202716002 -0.00318724988 0.00457936991 0.00179795001 -0.00312958006 0.00804123934 0.00217319978 -0.00255970005 0.00489534019 0.00193327002 -0.00312958006 0.00804123934 0.00217319978 -0.00255970005 0.00489534019 0.00193327002 -0.00273953006 0.00795445032 0.00158034998 -0.00219822 0.00525073009 0.00139960006 -0.00247851992 0.00516847987 0.000728617015 -0.00300248014 0.00798061024 0.000959613011 -0.00219822 0.00525073009 0.00139960006 -0.00273953006 0.00795445032 0.00158034998 -0.00313891005 0.00492040999 0.000608951959 -0.00369165 0.00811752025 0.00082833803 -0.00247851992 0.00516847987 0.000728617015 -0.00300248014 0.00798061024 0.000959613011 -0.00408153003 0.0079633696 0.00140744995 -0.00343605992 0.0109483991 0.00153576001 -0.00369165 0.00811752025 0.00082833803 -0.00308732013 0.0110352002 0.00106461998 -0.00381856994 0.00791916996 0.00202716002 -0.00328626996 0.0111202002 0.00213283999 -0.00408153003 0.0079633696 0.00140744995 -0.00343605992 0.0109483991 0.00153576001 -0.00381856994 0.00791916996 0.00202716002 -0.00312958006 0.00804123934 0.00217319978 -0.00328626996 0.0111202002 0.00213283999 -0.00266283005 0.0110129993 0.00219556992 -0.00312958006 0.00804123934 0.00217319978 -0.00273953006 0.00795445032 0.00158034998 -0.00266283005 0.0110129993 0.00219556992 -0.00231539994 0.0109363003 0.00172170997 -0.00300248014 0.00798061024 0.000959613011 -0.00246224995 0.0111302994 0.00113072002 -0.00273953006 0.00795445032 0.00158034998 -0.00231539994 0.0109363003 0.00172170997 -0.00300248014 0.00798061024 0.000959613011 -0.00369165 0.00811752025 0.00082833803 -0.00246224995 0.0111302994 0.00113072002 -0.00308732013 0.0110352002 0.00106461998 -0.00348995999 0.0139077995 0.00106409006 -0.00308732013 0.0110352002 0.00106461998 -0.00390333007 0.0138030993 0.00144793 -0.00343605992 0.0109483991 0.00153576001 -0.00343605992 0.0109483991 0.00153576001 -0.00328626996 0.0111202002 0.00213283999 -0.00390333007 0.0138030993 0.00144793 -0.00371346995 0.0137670999 0.00199328992 -0.00266283005 0.0110129993 0.00219556992 -0.00318114995 0.0138961999 0.00210893014 -0.00328626996 0.0111202002 0.00213283999 -0.00371346995 0.0137670999 0.00199328992 -0.00283284998 0.0141725 0.00174622005 -0.00318114995 0.0138961999 0.00210893014 -0.00231539994 0.0109363003 0.00172170997 -0.00266283005 0.0110129993 0.00219556992 -0.00231539994 0.0109363003 0.00172170997 -0.00246224995 0.0111302994 0.00113072002 -0.00283284998 0.0141725 0.00174622005 -0.00299598998 0.0141379992 0.00119218009 -0.00246224995 0.0111302994 0.00113072002 -0.00308732013 0.0110352002 0.00106461998 -0.00299598998 0.0141379992 0.00119218009 -0.00348995999 0.0139077995 0.00106409006 -0.00349062984 0.0076433802 0.00101312005 -0.00434707012 0.00811693911 0.000904420041 -0.00313922996 0.00837941002 0.00116973999 -0.00400133012 0.00877270941 0.00105309999 -0.00349062984 0.0076433802 0.00101312005 -0.00367442984 0.00755971018 0.00181871001 -0.00434707012 0.00811693911 0.000904420041 -0.00450992025 0.0080399802 0.00163874996 -0.00367442984 0.00755971018 0.00181871001 -0.00332302996 0.00829574 0.00197533006 -0.00450992025 0.0080399802 0.00163874996 -0.00416417979 0.00869575981 0.00178743992 -0.00313922996 0.00837941002 0.00116973999 -0.00400133012 0.00877270941 0.00105309999 -0.00332302996 0.00829574 0.00197533006 -0.00416417979 0.00869575981 0.00178743992 -0.00710149016 0.0109461006 0.000356537988 -0.00810324028 0.0115315998 0.000251495978 -0.00674064038 0.0113948006 0.000568837975 -0.0076987599 0.0119113 0.00044355198 -0.00710149016 0.0109461006 0.000356537988 -0.00723337987 0.0107798995 0.000932313967 -0.00810324028 0.0115315998 0.000251495978 -0.0080992002 0.0112995999 0.000790802005 -0.00687331008 0.0112291006 0.00114461 -0.00782275014 0.0117731998 0.00100052997 -0.00723337987 0.0107798995 0.000932313967 -0.0080992002 0.0112995999 0.000790802005 -0.00674064038 0.0113948006 0.000568837975 -0.0076987599 0.0119113 0.00044355198 -0.00687331008 0.0112291006 0.00114461 -0.00782275014 0.0117731998 0.00100052997 -0.00810324028 0.0115315998 0.000251495978 -0.00895730965 0.0125916991 0.00114085991 -0.0076987599 0.0119113 0.00044355198 -0.00846285 0.0128018996 0.00127250003 -0.00810324028 0.0115315998 0.000251495978 -0.0080992002 0.0112995999 0.000790802005 -0.00895730965 0.0125916991 0.00114085991 -0.00888589025 0.0122117009 0.00153638003 -0.0080992002 0.0112995999 0.000790802005 -0.00782275014 0.0117731998 0.00100052997 -0.00888589025 0.0122117009 0.00153638003 -0.00843099039 0.0124709997 0.00171465008 -0.0076987599 0.0119113 0.00044355198 -0.00846285 0.0128018996 0.00127250003 -0.00782275014 0.0117731998 0.00100052997 -0.00843099039 0.0124709997 0.00171465008 -0.00317736017 0.00499241007 0.00152807997 -0.0025432799 0.00576184969 0.00181171997 -0.00287671993 0.00510514015 0.000686231942 -0.00228227 0.00584552996 0.00104559003 -0.00249942997 0.00442257011 0.00169387995 -0.00191518001 0.00526874 0.00196790998 -0.00317736017 0.00499241007 0.00152807997 -0.0025432799 0.00576184969 0.00181171997 -0.00249942997 0.00442257011 0.00169387995 -0.00219878997 0.00453529973 0.000852030003 -0.00191518001 0.00526874 0.00196790998 -0.00165416999 0.00535241002 0.00120178994 -0.00219878997 0.00453529973 0.000852030003 -0.00287671993 0.00510514015 0.000686231942 -0.00165416999 0.00535241002 0.00120178994 -0.00228227 0.00584552996 0.00104559003 -0.000650001981 0.00683895033 0.00147678994 -0.000894233992 0.00686802994 0.00201372011 0.000312135002 0.00716360984 0.00220396998 2.98737996e-05 0.00721087959 0.00269133993 -0.000894233992 0.00686802994 0.00201372011 -0.000728117011 0.00631386973 0.00213248981 2.98737996e-05 0.00721087959 0.00269133993 0.000133726993 0.00665994966 0.00276300008 -0.000483885 0.00628479011 0.00159556 0.000567265961 0.00670003984 0.00240261015 -0.000728117011 0.00631386973 0.00213248981 0.000133726993 0.00665994966 0.00276300008 -0.000483885 0.00628479011 0.00159556 -0.000650001981 0.00683895033 0.00147678994 0.000567265961 0.00670003984 0.00240261015 0.000312135002 0.00716360984 0.00220396998 0.000312135002 0.00716360984 0.00220396998 2.98737996e-05 0.00721087959 0.00269133993 0.000973659975 0.00764614018 0.00284450012 0.000635033008 0.00768697029 0.00324996002 0.000133726993 0.00665994966 0.00276300008 0.000953423965 0.00738978013 0.00355170015 2.98737996e-05 0.00721087959 0.00269133993 0.000635033008 0.00768697029 0.00324996002 0.000133726993 0.00665994966 0.00276300008 0.000567265961 0.00670003984 0.00240261015 0.000953423965 0.00738978013 0.00355170015 0.00123368006 0.00727369031 0.00311728008 0.000567265961 0.00670003984 0.00240261015 0.000312135002 0.00716360984 0.00220396998 0.00123368006 0.00727369031 0.00311728008 0.000973659975 0.00764614018 0.00284450012 0.00121664 0.0086547602 0.00326961 0.00142007996 0.00848806929 0.00284256996 0.000635033008 0.00768697029 0.00324996002 0.000973659975 0.00764614018 0.00284450012 0.00163446995 0.00852095056 0.00351261999 0.00121664 0.0086547602 0.00326961 0.000953423965 0.00738978013 0.00355170015 0.000635033008 0.00768697029 0.00324996002 0.00163446995 0.00852095056 0.00351261999 0.000953423965 0.00738978013 0.00355170015 0.00185445999 0.00840174966 0.0030779501 0.00123368006 0.00727369031 0.00311728008 0.00185445999 0.00840174966 0.0030779501 0.00123368006 0.00727369031 0.00311728008 0.00142007996 0.00848806929 0.00284256996 0.000973659975 0.00764614018 0.00284450012 0.00142007996 0.00848806929 0.00284256996 0.00121664 0.0086547602 0.00326961 0.00163961994 0.00984556042 0.00250049005 0.00146076002 0.0097902203 0.0029736599 0.00163446995 0.00852095056 0.00351261999 0.00191164005 0.00993457995 0.00316022988 0.00121664 0.0086547602 0.00326961 0.00146076002 0.0097902203 0.0029736599 0.00191164005 0.00993457995 0.00316022988 0.00163446995 0.00852095056 0.00351261999 0.00207711011 0.00972142071 0.00272881007 0.00185445999 0.00840174966 0.0030779501 0.00163961994 0.00984556042 0.00250049005 0.00207711011 0.00972142071 0.00272881007 0.00142007996 0.00848806929 0.00284256996 0.00185445999 0.00840174966 0.0030779501 0.00163961994 0.00984556042 0.00250049005 0.00146076002 0.0097902203 0.0029736599 0.00154686999 0.0112026995 0.00246466999 0.00140554004 0.0110172005 0.00287937 0.00191164005 0.00993457995 0.00316022988 0.00181029004 0.0111740995 0.00307405996 0.00146076002 0.0097902203 0.0029736599 0.00140554004 0.0110172005 0.00287937 0.00207711011 0.00972142071 0.00272881007 0.00194362993 0.0110133998 0.00264658988 0.00191164005 0.00993457995 0.00316022988 0.00181029004 0.0111740995 0.00307405996 0.00163961994 0.00984556042 0.00250049005 0.00154686999 0.0112026995 0.00246466999 0.00207711011 0.00972142071 0.00272881007 0.00194362993 0.0110133998 0.00264658988 -0.00215729 0.00718550012 0.00214286987 -0.00235034991 0.00672038971 0.00245419005 -0.00226412015 0.00784225948 0.00328071998 -0.00244926009 0.00737123005 0.00351805007 -0.00235034991 0.00672038971 0.00245419005 -0.00180344994 0.00661322009 0.00265401998 -0.00244926009 0.00737123005 0.00351805007 -0.00191809004 0.00723763974 0.00362975011 -0.00161038991 0.00707833003 0.00234270003 -0.00175831001 0.0077581699 0.00350332004 -0.00180344994 0.00661322009 0.00265401998 -0.00191809004 0.00723763974 0.00362975011 -0.00161038991 0.00707833003 0.00234270003 -0.00215729 0.00718550012 0.00214286987 -0.00175831001 0.0077581699 0.00350332004 -0.00226412015 0.00784225948 0.00328071998 -0.00226412015 0.00784225948 0.00328071998 -0.00244926009 0.00737123005 0.00351805007 -0.00258399011 0.0081085898 0.00430162018 -0.00274287001 0.00762927998 0.00445258012 -0.00191809004 0.00723763974 0.00362975011 -0.00233356003 0.00759261986 0.00478255982 -0.00244926009 0.00737123005 0.00351805007 -0.00274287001 0.00762927998 0.00445258012 -0.00191809004 0.00723763974 0.00362975011 -0.00175831001 0.0077581699 0.00350332004 -0.00233356003 0.00759261986 0.00478255982 -0.00213676994 0.00803291984 0.00457001012 -0.00175831001 0.0077581699 0.00350332004 -0.00226412015 0.00784225948 0.00328071998 -0.00213676994 0.00803291984 0.00457001012 -0.00258399011 0.0081085898 0.00430162018 -0.00274287001 0.00762927998 0.00445258012 -0.00344636012 0.00845936034 0.00517167989 -0.00258399011 0.0081085898 0.00430162018 -0.00314678997 0.00866965018 0.00483075017 -0.00233356003 0.00759261986 0.00478255982 -0.00307753985 0.00847961009 0.00550897 -0.00274287001 0.00762927998 0.00445258012 -0.00344636012 0.00845936034 0.00517167989 -0.00233356003 0.00759261986 0.00478255982 -0.00213676994 0.00803291984 0.00457001012 -0.00307753985 0.00847961009 0.00550897 -0.00277662999 0.00868593995 0.00516678998 -0.00213676994 0.00803291984 0.00457001012 -0.00258399011 0.0081085898 0.00430162018 -0.00277662999 0.00868593995 0.00516678998 -0.00314678997 0.00866965018 0.00483075017 -0.00347713986 0.00977941975 0.00520787016 -0.00317157013 0.00993948989 0.00485730963 -0.00344636012 0.00845936034 0.00517167989 -0.00314678997 0.00866965018 0.00483075017 -0.00315145985 0.00989589002 0.00555751007 -0.00347713986 0.00977941975 0.00520787016 -0.00307753985 0.00847961009 0.00550897 -0.00344636012 0.00845936034 0.00517167989 -0.00315145985 0.00989589002 0.00555751007 -0.00307753985 0.00847961009 0.00550897 -0.00281727011 0.00992984977 0.00519827986 -0.00277662999 0.00868593995 0.00516678998 -0.00314678997 0.00866965018 0.00483075017 -0.00317157013 0.00993948989 0.00485730963 -0.00277662999 0.00868593995 0.00516678998 -0.00281727011 0.00992984977 0.00519827986 -0.00373280002 0.0111811999 0.00502111018 -0.00317157013 0.00993948989 0.00485730963 -0.00390473008 0.0108455997 0.0053520496 -0.00347713986 0.00977941975 0.00520787016 -0.00315145985 0.00989589002 0.00555751007 -0.00369857997 0.0111440998 0.00569859985 -0.00347713986 0.00977941975 0.00520787016 -0.00390473008 0.0108455997 0.0053520496 -0.00315145985 0.00989589002 0.00555751007 -0.00281727011 0.00992984977 0.00519827986 -0.00369857997 0.0111440998 0.00569859985 -0.00336630992 0.0110456003 0.00533580035 -0.00317157013 0.00993948989 0.00485730963 -0.00373280002 0.0111811999 0.00502111018 -0.00281727011 0.00992984977 0.00519827986 -0.00336630992 0.0110456003 0.00533580035 0.0055682403 0.0117865 -0.00497864 0.00562471012 0.0110673001 -0.0049075298 0.005748 0.0116475001 -0.00608636998 0.0057931901 0.0110141998 -0.0060000401 0.00491557969 0.0109982993 -0.00504160998 0.00517074019 0.0109533994 -0.00613959972 0.00562471012 0.0110673001 -0.0049075298 0.0057931901 0.0110141998 -0.0060000401 0.00485910987 0.0117175998 -0.00511272019 0.00512554962 0.0115867006 -0.00622594031 0.00491557969 0.0109982993 -0.00504160998 0.00517074019 0.0109533994 -0.00613959972 0.00485910987 0.0117175998 -0.00511272019 0.0055682403 0.0117865 -0.00497864 0.00512554962 0.0115867006 -0.00622594031 0.005748 0.0116475001 -0.00608636998 0.005748 0.0116475001 -0.00608636998 0.0057931901 0.0110141998 -0.0060000401 0.00601563975 0.0114634 -0.00714981975 0.00605397997 0.0108788991 -0.00703803031 0.0057931901 0.0110141998 -0.0060000401 0.00517074019 0.0109533994 -0.00613959972 0.00605397997 0.0108788991 -0.00703803031 0.00546196988 0.0108451005 -0.00710101007 0.00512554962 0.0115867006 -0.00622594031 0.00546079036 0.0113851996 -0.00735378964 0.00517074019 0.0109533994 -0.00613959972 0.00546196988 0.0108451005 -0.00710101007 0.00512554962 0.0115867006 -0.00622594031 0.005748 0.0116475001 -0.00608636998 0.00546079036 0.0113851996 -0.00735378964 0.00601563975 0.0114634 -0.00714981975 0.00601563975 0.0114634 -0.00714981975 0.00605397997 0.0108788991 -0.00703803031 0.00627900986 0.0109308008 -0.00818239059 0.00617474969 0.0104649998 -0.00786734 0.00546196988 0.0108451005 -0.00710101007 0.00573833007 0.0103553003 -0.00822030008 0.00605397997 0.0108788991 -0.00703803031 0.00617474969 0.0104649998 -0.00786734 0.00546196988 0.0108451005 -0.00710101007 0.00546079036 0.0113851996 -0.00735378964 0.00573833007 0.0103553003 -0.00822030008 0.00571131008 0.0109257 -0.00825147983 0.00601563975 0.0114634 -0.00714981975 0.00627900986 0.0109308008 -0.00818239059 0.00546079036 0.0113851996 -0.00735378964 0.00571131008 0.0109257 -0.00825147983 0.00617474969 0.0104649998 -0.00786734 0.00686041033 0.0101333 -0.00901089981 0.00627900986 0.0109308008 -0.00818239059 0.00689321989 0.0106548993 -0.00906408019 0.00573833007 0.0103553003 -0.00822030008 0.00650352007 0.0101118004 -0.00939583033 0.00617474969 0.0104649998 -0.00786734 0.00686041033 0.0101333 -0.00901089981 0.00573833007 0.0103553003 -0.00822030008 0.00571131008 0.0109257 -0.00825147983 0.00650352007 0.0101118004 -0.00939583033 0.00647503976 0.0106362002 -0.00938154012 0.00647503976 0.0106362002 -0.00938154012 0.00571131008 0.0109257 -0.00825147983 0.00689321989 0.0106548993 -0.00906408019 0.00627900986 0.0109308008 -0.00818239059 0.00686041033 0.0101333 -0.00901089981 0.00790281966 0.0103007006 -0.00989652984 0.00689321989 0.0106548993 -0.00906408019 0.00762142986 0.0107374005 -0.00975394994 0.00790281966 0.0103007006 -0.00989652984 0.00686041033 0.0101333 -0.00901089981 0.00750426017 0.0103398003 -0.0102568995 0.00650352007 0.0101118004 -0.00939583033 0.00647503976 0.0106362002 -0.00938154012 0.00763471983 0.0108620999 -0.0102778999 0.00650352007 0.0101118004 -0.00939583033 0.00750426017 0.0103398003 -0.0102568995 0.00647503976 0.0106362002 -0.00938154012 0.00689321989 0.0106548993 -0.00906408019 0.00763471983 0.0108620999 -0.0102778999 0.00762142986 0.0107374005 -0.00975394994 0.00790281966 0.0103007006 -0.00989652984 0.00925973989 0.0106459996 -0.00998338964 0.00762142986 0.0107374005 -0.00975394994 0.0089662401 0.0110280998 -0.00991979055 0.00904397946 0.0106782997 -0.0104175992 0.00925973989 0.0106459996 -0.00998338964 0.00750426017 0.0103398003 -0.0102568995 0.00790281966 0.0103007006 -0.00989652984 0.00750426017 0.0103398003 -0.0102568995 0.00763471983 0.0108620999 -0.0102778999 0.00904397946 0.0106782997 -0.0104175992 0.0090538701 0.0111625995 -0.0103783999 0.00763471983 0.0108620999 -0.0102778999 0.00762142986 0.0107374005 -0.00975394994 0.0090538701 0.0111625995 -0.0103783999 0.0089662401 0.0110280998 -0.00991979055 -0.000524752948 -0.000707810977 -0.00137532991 -0.00153072004 -0.000666692038 -0.000246042997 -0.000363029976 0.00239900989 -0.00114342 -0.00126128993 0.00220093015 -0.000194404012 -0.00153072004 -0.000666692038 -0.000246042997 -0.000906261965 -0.000661508006 0.00111465005 -0.00126128993 0.00220093015 -0.000194404012 -0.000714177033 0.00218955986 0.000836822961 0.000545834017 -0.000691875 0.00143058004 0.000483259995 0.00234910008 0.00108726998 -0.000906261965 -0.000661508006 0.00111465005 -0.000714177033 0.00218955986 0.000836822961 0.000545834017 -0.000691875 0.00143058004 0.00142838003 -0.000731081003 0.000229592988 0.000483259995 0.00234910008 0.00108726998 0.00131858001 0.0020371899 0.000103931998 0.00100376003 -0.000742633012 -0.00123456004 0.000854201964 0.00207138993 -0.000969077984 0.00142838003 -0.000731081003 0.000229592988 0.00131858001 0.0020371899 0.000103931998 -0.000524752948 -0.000707810977 -0.00137532991 -0.000363029976 0.00239900989 -0.00114342 0.00100376003 -0.000742633012 -0.00123456004 0.000854201964 0.00207138993 -0.000969077984 -0.000363029976 0.00239900989 -0.00114342 -4.82780997e-05 0.00349454 -0.000524021045 0.00078688201 0.00282926019 -0.00129208004 0.000634320022 0.00339803007 -0.000788072997 0.000324427005 0.00347255985 0.000458373979 0.000981512014 0.00347944 -7.89128972e-05 -4.82780997e-05 0.00349454 -0.000524021045 0.000634320022 0.00339803007 -0.000788072997 0.000483259995 0.00234910008 0.00108726998 0.00152377994 0.00291226013 9.19507947e-05 0.000324427005 0.00347255985 0.000458373979 0.000981512014 0.00347944 -7.89128972e-05 0.000483259995 0.00234910008 0.00108726998 0.00131858001 0.0020371899 0.000103931998 0.00152377994 0.00291226013 9.19507947e-05 0.00167634001 0.00234348979 -0.000412050984 0.00131858001 0.0020371899 0.000103931998 0.000854201964 0.00207138993 -0.000969077984 0.00167634001 0.00234348979 -0.000412050984 0.00132914993 0.00226208987 -0.00112120993 -0.000363029976 0.00239900989 -0.00114342 0.00078688201 0.00282926019 -0.00129208004 0.000854201964 0.00207138993 -0.000969077984 0.00132914993 0.00226208987 -0.00112120993 -0.000363029976 0.00239900989 -0.00114342 -0.00126128993 0.00220093015 -0.000194404012 -0.00132998999 0.00306874979 -0.000363728992 -0.00155758997 0.00254364987 0.000157998991 -0.000714177033 0.00218955986 0.000836822961 -0.00127446 0.00248797005 0.000896637037 -0.00126128993 0.00220093015 -0.000194404012 -0.00155758997 0.00254364987 0.000157998991 -0.000713633024 0.00303217 0.00107856002 -0.00127446 0.00248797005 0.000896637037 0.000483259995 0.00234910008 0.00108726998 -0.000714177033 0.00218955986 0.000836822961 0.000483259995 0.00234910008 0.00108726998 0.000324427005 0.00347255985 0.000458373979 -0.000713633024 0.00303217 0.00107856002 -0.000486032019 0.00355727016 0.000556834973 -4.82780997e-05 0.00349454 -0.000524021045 -0.000769165985 0.00361294998 -0.00018180201 0.000324427005 0.00347255985 0.000458373979 -0.000486032019 0.00355727016 0.000556834973 -0.000363029976 0.00239900989 -0.00114342 -0.00132998999 0.00306874979 -0.000363728992 -4.82780997e-05 0.00349454 -0.000524021045 -0.000769165985 0.00361294998 -0.00018180201 -0.00225408003 0.00635111984 0.00206126994 -0.00191763998 0.00639275974 0.00122417999 -0.0025432799 0.00576184969 0.00181171997 -0.00228227 0.00584552996 0.00104559003 -0.00152244 0.00591115979 0.00212541013 -0.00225408003 0.00635111984 0.00206126994 -0.00191518001 0.00526874 0.00196790998 -0.0025432799 0.00576184969 0.00181171997 -0.00118249003 0.00588040007 0.00138799998 -0.00152244 0.00591115979 0.00212541013 -0.00165416999 0.00535241002 0.00120178994 -0.00191518001 0.00526874 0.00196790998 -0.00118249003 0.00588040007 0.00138799998 -0.00165416999 0.00535241002 0.00120178994 -0.00191763998 0.00639275974 0.00122417999 -0.00228227 0.00584552996 0.00104559003 -0.000650001981 0.00683895033 0.00147678994 -0.00191763998 0.00639275974 0.00122417999 -0.000894233992 0.00686802994 0.00201372011 -0.00144616992 0.00678437017 0.00188911997 -0.00152244 0.00591115979 0.00212541013 -0.000728117011 0.00631386973 0.00213248981 -0.00144616992 0.00678437017 0.00188911997 -0.000894233992 0.00686802994 0.00201372011 -0.00152244 0.00591115979 0.00212541013 -0.00118249003 0.00588040007 0.00138799998 -0.000728117011 0.00631386973 0.00213248981 -0.000483885 0.00628479011 0.00159556 -0.00191763998 0.00639275974 0.00122417999 -0.000650001981 0.00683895033 0.00147678994 -0.00118249003 0.00588040007 0.00138799998 -0.000483885 0.00628479011 0.00159556 0.00154686999 0.0112026995 0.00246466999 0.00140554004 0.0110172005 0.00287937 0.00173994992 0.0126590002 0.00271297013 0.00158185 0.0125037003 0.00305803982 0.00140554004 0.0110172005 0.00287937 0.00181029004 0.0111740995 0.00307405996 0.00158185 0.0125037003 0.00305803982 0.00194016006 0.0124110002 0.00318548991 0.00194362993 0.0110133998 0.00264658988 0.00209998013 0.0125810001 0.00284233992 0.00181029004 0.0111740995 0.00307405996 0.00194016006 0.0124110002 0.00318548991 0.00194362993 0.0110133998 0.00264658988 0.00154686999 0.0112026995 0.00246466999 0.00209998013 0.0125810001 0.00284233992 0.00173994992 0.0126590002 0.00271297013 -0.00191763998 0.00639275974 0.00122417999 -0.00225408003 0.00635111984 0.00206126994 -0.00215729 0.00718550012 0.00214286987 -0.00235034991 0.00672038971 0.00245419005 -0.00152244 0.00591115979 0.00212541013 -0.00180344994 0.00661322009 0.00265401998 -0.00225408003 0.00635111984 0.00206126994 -0.00235034991 0.00672038971 0.00245419005 -0.00152244 0.00591115979 0.00212541013 -0.00144616992 0.00678437017 0.00188911997 -0.00180344994 0.00661322009 0.00265401998 -0.00161038991 0.00707833003 0.00234270003 -0.00191763998 0.00639275974 0.00122417999 -0.00215729 0.00718550012 0.00214286987 -0.00144616992 0.00678437017 0.00188911997 -0.00161038991 0.00707833003 0.00234270003 -0.00390473008 0.0108455997 0.0053520496 -0.00433194032 0.0122734001 0.00542384991 -0.00373280002 0.0111811999 0.00502111018 -0.00414721994 0.0124928001 0.00511923991 -0.00433194032 0.0122734001 0.00542384991 -0.00390473008 0.0108455997 0.0053520496 -0.00406592991 0.0124725997 0.00566204032 -0.00369857997 0.0111440998 0.00569859985 -0.00336630992 0.0110456003 0.00533580035 -0.00385256996 0.0125965998 0.00535494974 -0.00369857997 0.0111440998 0.00569859985 -0.00406592991 0.0124725997 0.00566204032 -0.00385256996 0.0125965998 0.00535494974 -0.00336630992 0.0110456003 0.00533580035 -0.00414721994 0.0124928001 0.00511923991 -0.00373280002 0.0111811999 0.00502111018 0.00158185 0.0125037003 0.00305803982 0.00194016006 0.0124110002 0.00318548991 0.00173994992 0.0126590002 0.00271297013 0.00185613998 0.0126729999 0.00296720001 0.00194016006 0.0124110002 0.00318548991 0.00209998013 0.0125810001 0.00284233992 0.00173994992 0.0126590002 0.00271297013 0.00194016006 0.0124110002 0.00318548991 0.00173994992 0.0126590002 0.00271297013 0.00185613998 0.0126729999 0.00296720001 -0.00433194032 0.0122734001 0.00542384991 -0.00406592991 0.0124725997 0.00566204032 -0.00414721994 0.0124928001 0.00511923991 -0.00410728995 0.0124851 0.00539069995 -0.00406592991 0.0124725997 0.00566204032 -0.00385256996 0.0125965998 0.00535494974 -0.00414721994 0.0124928001 0.00511923991 -0.00406592991 0.0124725997 0.00566204032 -0.00414721994 0.0124928001 0.00511923991 -0.00410728995 0.0124851 0.00539069995 -0.00723337987 0.0107798995 0.000932313967 -0.00610893033 0.00922953058 0.00109233998 -0.00687331008 0.0112291006 0.00114461 -0.00572876958 0.00977441017 0.00125323003 -0.00590213016 0.00928261038 0.000442941004 -0.00610893033 0.00922953058 0.00109233998 -0.00710149016 0.0109461006 0.000356537988 -0.00723337987 0.0107798995 0.000932313967 -0.00674064038 0.0113948006 0.000568837975 -0.00687331008 0.0112291006 0.00114461 -0.00539095001 0.00967737939 0.000666911015 -0.00572876958 0.00977441017 0.00125323003 -0.00590213016 0.00928261038 0.000442941004 -0.00710149016 0.0109461006 0.000356537988 -0.00539095001 0.00967737939 0.000666911015 -0.00674064038 0.0113948006 0.000568837975 -0.00450992025 0.0080399802 0.00163874996 -0.00416417979 0.00869575981 0.00178743992 -0.00610893033 0.00922953058 0.00109233998 -0.00572876958 0.00977441017 0.00125323003 -0.00450992025 0.0080399802 0.00163874996 -0.00610893033 0.00922953058 0.00109233998 -0.00434707012 0.00811693911 0.000904420041 -0.00590213016 0.00928261038 0.000442941004 -0.00400133012 0.00877270941 0.00105309999 -0.00539095001 0.00967737939 0.000666911015 -0.00416417979 0.00869575981 0.00178743992 -0.00572876958 0.00977441017 0.00125323003 -0.00400133012 0.00877270941 0.00105309999 -0.00434707012 0.00811693911 0.000904420041 -0.00539095001 0.00967737939 0.000666911015 -0.00590213016 0.00928261038 0.000442941004 </float_array>
          <technique_common>
            <accessor count="764" offset="0" source="#meshesQ0S-0-positions-array" stride="3">
              <param name="X" type="float" />
              <param name="Y" type="float" />
              <param name="Z" type="float" />
            </accessor>
          </technique_common>
        </source>
        <source id="meshesQ0S-0-normals" name="meshesQ0S-0-normals">
          <float_array id="meshesQ0S-0-normals-array" count="2292"> -0.70718199 0.353103012 -0.612545013 -0.70718199 0.353103012 -0.612545013 -0.70718199 0.353103012 -0.612545013 -0.70718199 0.353103012 -0.612545013 -0.576445997 0.794496 0.191014007 -0.576445997 0.794496 0.191014007 -0.576445997 0.794496 0.191014007 -0.576445997 0.794496 0.191014007 0.157501996 0.419851989 0.893822014 0.157501996 0.419851989 0.893822014 0.157501996 0.419851989 0.893822014 0.157501996 0.419851989 0.893822014 0.723031998 -0.33928901 0.601752996 0.723031998 -0.33928901 0.601752996 0.723031998 -0.33928901 0.601752996 0.723031998 -0.33928901 0.601752996 0.624026 -0.749965012 -0.219420001 0.624026 -0.749965012 -0.219420001 0.624026 -0.749965012 -0.219420001 0.624026 -0.749965012 -0.219420001 -0.124886997 -0.393752009 -0.91069299 -0.124886997 -0.393752009 -0.91069299 -0.124886997 -0.393752009 -0.91069299 -0.124886997 -0.393752009 -0.91069299 -0.83443898 0.143717006 -0.532031 -0.83443898 0.143717006 -0.532031 -0.83443898 0.143717006 -0.532031 -0.83443898 0.143717006 -0.532031 -0.879745007 0.339599013 0.332747012 -0.879745007 0.339599013 0.332747012 -0.879745007 0.339599013 0.332747012 -0.879745007 0.339599013 0.332747012 -0.0428167991 0.256547987 0.965583026 -0.0428167991 0.256547987 0.965583026 -0.0428167991 0.256547987 0.965583026 -0.0428167991 0.256547987 0.965583026 0.860823989 -0.0988569036 0.499208987 0.860823989 -0.0988569036 0.499208987 0.860823989 -0.0988569036 0.499208987 0.860823989 -0.0988569036 0.499208987 0.81240797 -0.335299999 -0.477039993 0.81240797 -0.335299999 -0.477039993 0.81240797 -0.335299999 -0.477039993 0.81240797 -0.335299999 -0.477039993 0.0893123001 -0.243302003 -0.965830028 0.0893123001 -0.243302003 -0.965830028 0.0893123001 -0.243302003 -0.965830028 0.0893123001 -0.243302003 -0.965830028 -0.807039022 -0.0084191598 -0.590439022 -0.807039022 -0.0084191598 -0.590439022 -0.807039022 -0.0084191598 -0.590439022 -0.807039022 -0.0084191598 -0.590439022 -0.796072006 0.552820981 0.246289998 -0.796072006 0.552820981 0.246289998 -0.796072006 0.552820981 0.246289998 -0.796072006 0.552820981 0.246289998 -0.0738101006 0.605624974 0.792319 -0.0738101006 0.605624974 0.792319 -0.0738101006 0.605624974 0.792319 -0.0738101006 0.605624974 0.792319 0.826996028 0.0538079999 0.55962801 0.826996028 0.0538079999 0.55962801 0.826996028 0.0538079999 0.55962801 0.826996028 0.0538079999 0.55962801 0.80864799 -0.53529501 -0.244021997 0.80864799 -0.53529501 -0.244021997 0.80864799 -0.53529501 -0.244021997 0.80864799 -0.53529501 -0.244021997 0.0336525999 -0.590789974 -0.806123018 0.0336525999 -0.590789974 -0.806123018 0.0336525999 -0.590789974 -0.806123018 0.0336525999 -0.590789974 -0.806123018 -0.861241996 -0.103987999 -0.497442007 -0.861241996 -0.103987999 -0.497442007 -0.861241996 -0.103987999 -0.497442007 -0.861241996 -0.103987999 -0.497442007 -0.878696978 0.396901011 0.265258014 -0.878696978 0.396901011 0.265258014 -0.878696978 0.396901011 0.265258014 -0.878696978 0.396901011 0.265258014 0.0383358002 0.512239993 0.857985973 0.0383358002 0.512239993 0.857985973 0.0383358002 0.512239993 0.857985973 0.0383358002 0.512239993 0.857985973 0.863207996 0.0917776972 0.496436 0.863207996 0.0917776972 0.496436 0.863207996 0.0917776972 0.496436 0.863207996 0.0917776972 0.496436 0.903706014 -0.340855986 -0.25909999 0.903706014 -0.340855986 -0.25909999 0.903706014 -0.340855986 -0.25909999 0.903706014 -0.340855986 -0.25909999 -0.0398796983 -0.470447004 -0.881525993 -0.0398796983 -0.470447004 -0.881525993 -0.0398796983 -0.470447004 -0.881525993 -0.0398796983 -0.470447004 -0.881525993 -0.714043975 -0.594926 -0.36906001 -0.714043975 -0.594926 -0.36906001 -0.714043975 -0.594926 -0.36906001 -0.714043975 -0.594926 -0.36906001 -0.920446992 0.0221743006 0.390237004 -0.920446992 0.0221743006 0.390237004 -0.920446992 0.0221743006 0.390237004 -0.920446992 0.0221743006 0.390237004 -0.146760002 0.669673026 0.728011012 -0.146760002 0.669673026 0.728011012 -0.146760002 0.669673026 0.728011012 -0.146760002 0.669673026 0.728011012 0.669345021 0.640290976 0.376834989 0.669345021 0.640290976 0.376834989 0.669345021 0.640290976 0.376834989 0.669345021 0.640290976 0.376834989 0.916898012 -0.0193544999 -0.398653001 0.916898012 -0.0193544999 -0.398653001 0.916898012 -0.0193544999 -0.398653001 0.916898012 -0.0193544999 -0.398653001 0.158833995 -0.628718972 -0.761237979 0.158833995 -0.628718972 -0.761237979 0.158833995 -0.628718972 -0.761237979 0.158833995 -0.628718972 -0.761237979 -0.765263975 -0.155906007 -0.624550998 -0.765263975 -0.155906007 -0.624550998 -0.765263975 -0.155906007 -0.624550998 -0.765263975 -0.155906007 -0.624550998 -0.928788006 -0.130087003 0.347030014 -0.928788006 -0.130087003 0.347030014 -0.928788006 -0.130087003 0.347030014 -0.928788006 -0.130087003 0.347030014 -0.0885962993 0.0478955992 0.994915009 -0.0885962993 0.0478955992 0.994915009 -0.0885962993 0.0478955992 0.994915009 -0.0885962993 0.0478955992 0.994915009 0.769434988 0.184894994 0.611378014 0.769434988 0.184894994 0.611378014 0.769434988 0.184894994 0.611378014 0.769434988 0.184894994 0.611378014 0.915247023 0.194387004 -0.352898002 0.915247023 0.194387004 -0.352898002 0.915247023 0.194387004 -0.352898002 0.915247023 0.194387004 -0.352898002 -0.0533070005 -0.0447307006 -0.997575998 -0.0533070005 -0.0447307006 -0.997575998 -0.0533070005 -0.0447307006 -0.997575998 -0.0533070005 -0.0447307006 -0.997575998 -0.686819971 -0.340379 -0.64219898 -0.686819971 -0.340379 -0.64219898 -0.686819971 -0.340379 -0.64219898 -0.686819971 -0.340379 -0.64219898 -0.664157987 -0.720261991 0.200290993 -0.664157987 -0.720261991 0.200290993 -0.664157987 -0.720261991 0.200290993 -0.664157987 -0.720261991 0.200290993 0.0463174991 -0.359322995 0.932062984 0.0463174991 -0.359322995 0.932062984 0.0463174991 -0.359322995 0.932062984 0.0463174991 -0.359322995 0.932062984 0.666022003 0.360280007 0.653155982 0.666022003 0.360280007 0.653155982 0.666022003 0.360280007 0.653155982 0.666022003 0.360280007 0.653155982 0.609831989 0.772853971 -0.175502002 0.609831989 0.772853971 -0.175502002 0.609831989 0.772853971 -0.175502002 0.609831989 0.772853971 -0.175502002 -0.0869996026 0.395345002 -0.914403021 -0.0869996026 0.395345002 -0.914403021 -0.0869996026 0.395345002 -0.914403021 -0.0869996026 0.395345002 -0.914403021 -0.814855993 -0.0901956037 -0.572602987 -0.814855993 -0.0901956037 -0.572602987 -0.814855993 -0.0901956037 -0.572602987 -0.814855993 -0.0901956037 -0.572602987 -0.864835024 -0.195223004 0.462545007 -0.864835024 -0.195223004 0.462545007 -0.864835024 -0.195223004 0.462545007 -0.864835024 -0.195223004 0.462545007 -0.188810006 -0.102715001 0.976626992 -0.188810006 -0.102715001 0.976626992 -0.188810006 -0.102715001 0.976626992 -0.188810006 -0.102715001 0.976626992 0.83762902 0.110946 0.534853995 0.83762902 0.110946 0.534853995 0.83762902 0.110946 0.534853995 0.83762902 0.110946 0.534853995 0.895232022 0.199529007 -0.398433 0.895232022 0.199529007 -0.398433 0.895232022 0.199529007 -0.398433 0.895232022 0.199529007 -0.398433 0.143801004 0.0924713016 -0.985276997 0.143801004 0.0924713016 -0.985276997 0.143801004 0.0924713016 -0.985276997 0.143801004 0.0924713016 -0.985276997 -0.836449027 0.202754006 -0.509159982 -0.836449027 0.202754006 -0.509159982 -0.836449027 0.202754006 -0.509159982 -0.836449027 0.202754006 -0.509159982 -0.908172011 0.137973994 0.395204008 -0.908172011 0.137973994 0.395204008 -0.908172011 0.137973994 0.395204008 -0.908172011 0.137973994 0.395204008 -0.207736 0.00225184998 0.978182018 -0.207736 0.00225184998 0.978182018 -0.207736 0.00225184998 0.978182018 -0.207736 0.00225184998 0.978182018 0.818962991 -0.132831007 0.558260977 0.818962991 -0.132831007 0.558260977 0.818962991 -0.132831007 0.558260977 0.818962991 -0.132831007 0.558260977 0.910323977 -0.134882003 -0.391303003 0.910323977 -0.134882003 -0.391303003 0.910323977 -0.134882003 -0.391303003 0.910323977 -0.134882003 -0.391303003 0.191016003 0.0205506999 -0.981371999 0.191016003 0.0205506999 -0.981371999 0.191016003 0.0205506999 -0.981371999 0.191016003 0.0205506999 -0.981371999 -0.664689004 -0.0933061019 -0.741271019 -0.664689004 -0.0933061019 -0.741271019 -0.664689004 -0.0933061019 -0.741271019 -0.664689004 -0.0933061019 -0.741271019 -0.948670983 -0.14666 0.280205011 -0.948670983 -0.14666 0.280205011 -0.948670983 -0.14666 0.280205011 -0.948670983 -0.14666 0.280205011 -0.0980146974 0.0122819999 0.995109022 -0.0980146974 0.0122819999 0.995109022 -0.0980146974 0.0122819999 0.995109022 -0.0980146974 0.0122819999 0.995109022 0.677215993 0.102766998 0.728572011 0.677215993 0.102766998 0.728572011 0.677215993 0.102766998 0.728572011 0.677215993 0.102766998 0.728572011 0.969335973 0.156427994 -0.189521 0.969335973 0.156427994 -0.189521 0.969335973 0.156427994 -0.189521 0.969335973 0.156427994 -0.189521 0.0993703008 0.0379528999 -0.994325995 0.0993703008 0.0379528999 -0.994325995 0.0993703008 0.0379528999 -0.994325995 0.0993703008 0.0379528999 -0.994325995 0.188657999 0.117397003 -0.975000978 0.188657999 0.117397003 -0.975000978 0.188657999 0.117397003 -0.975000978 0.188657999 0.117397003 -0.975000978 -0.45569101 -0.868696988 -0.194190994 -0.45569101 -0.868696988 -0.194190994 -0.45569101 -0.868696988 -0.194190994 -0.45569101 -0.868696988 -0.194190994 -0.255257994 -0.0831096023 0.963294029 -0.255257994 -0.0831096023 0.963294029 -0.255257994 -0.0831096023 0.963294029 -0.255257994 -0.0831096023 0.963294029 0.387587994 0.903630972 0.182281002 0.387587994 0.903630972 0.182281002 0.387587994 0.903630972 0.182281002 0.387587994 0.903630972 0.182281002 0.243292004 0.248046994 -0.937699974 0.243292004 0.248046994 -0.937699974 0.243292004 0.248046994 -0.937699974 0.243292004 0.248046994 -0.937699974 -0.447376013 -0.826708019 -0.341187 -0.447376013 -0.826708019 -0.341187 -0.447376013 -0.826708019 -0.341187 -0.447376013 -0.826708019 -0.341187 -0.270999014 -0.225064993 0.935898006 -0.270999014 -0.225064993 0.935898006 -0.270999014 -0.225064993 0.935898006 -0.270999014 -0.225064993 0.935898006 0.41190201 0.846100986 0.338304013 0.41190201 0.846100986 0.338304013 0.41190201 0.846100986 0.338304013 0.41190201 0.846100986 0.338304013 -0.144646004 0.564954996 -0.812345028 -0.144646004 0.564954996 -0.812345028 -0.144646004 0.564954996 -0.812345028 -0.144646004 0.564954996 -0.812345028 -0.839763999 -0.501033008 -0.209194005 -0.839763999 -0.501033008 -0.209194005 -0.839763999 -0.501033008 -0.209194005 -0.839763999 -0.501033008 -0.209194005 0.217364997 -0.49853301 0.839177012 0.217364997 -0.49853301 0.839177012 0.217364997 -0.49853301 0.839177012 0.217364997 -0.49853301 0.839177012 0.843755007 0.446108013 0.298438996 0.843755007 0.446108013 0.298438996 0.843755007 0.446108013 0.298438996 0.843755007 0.446108013 0.298438996 -0.728398025 0.663397014 -0.171290994 -0.728398025 0.663397014 -0.171290994 -0.728398025 0.663397014 -0.171290994 -0.728398025 0.663397014 -0.171290994 -0.309459001 -0.0928101987 0.946372986 -0.309459001 -0.0928101987 0.946372986 -0.309459001 -0.0928101987 0.946372986 -0.309459001 -0.0928101987 0.946372986 0.775853992 -0.599431992 0.196804002 0.775853992 -0.599431992 0.196804002 0.775853992 -0.599431992 0.196804002 0.775853992 -0.599431992 0.196804002 0.356748015 0.156449005 -0.921007991 0.356748015 0.156449005 -0.921007991 0.356748015 0.156449005 -0.921007991 0.356748015 0.156449005 -0.921007991 -0.213049993 0.965581 -0.149208993 -0.213049993 0.965581 -0.149208993 -0.213049993 0.965581 -0.149208993 -0.213049993 0.965581 -0.149208993 -0.590367019 -0.00398174021 0.807124972 -0.590367019 -0.00398174021 0.807124972 -0.590367019 -0.00398174021 0.807124972 -0.590367019 -0.00398174021 0.807124972 0.249929994 -0.954039991 0.165360004 0.249929994 -0.954039991 0.165360004 0.249929994 -0.954039991 0.165360004 0.249929994 -0.954039991 0.165360004 0.606146991 0.0112522002 -0.795273006 0.606146991 0.0112522002 -0.795273006 0.606146991 0.0112522002 -0.795273006 0.606146991 0.0112522002 -0.795273006 -0.36037901 0.885075986 -0.294564992 -0.36037901 0.885075986 -0.294564992 -0.36037901 0.885075986 -0.294564992 -0.36037901 0.885075986 -0.294564992 -0.677920997 -0.0322751999 0.734425008 -0.677920997 -0.0322751999 0.734425008 -0.677920997 -0.0322751999 0.734425008 -0.677920997 -0.0322751999 0.734425008 0.389093995 -0.841660976 0.374449015 0.389093995 -0.841660976 0.374449015 0.389093995 -0.841660976 0.374449015 0.389093995 -0.841660976 0.374449015 0.697044015 0.0782124028 -0.712750018 0.697044015 0.0782124028 -0.712750018 0.697044015 0.0782124028 -0.712750018 0.697044015 0.0782124028 -0.712750018 -0.726922989 0.447432011 -0.520949006 -0.726922989 0.447432011 -0.520949006 -0.726922989 0.447432011 -0.520949006 -0.726922989 0.447432011 -0.520949006 -0.414308012 0.279370993 0.866199017 -0.414308012 0.279370993 0.866199017 -0.414308012 0.279370993 0.866199017 -0.414308012 0.279370993 0.866199017 0.750064015 -0.434363008 0.498732001 0.750064015 -0.434363008 0.498732001 0.750064015 -0.434363008 0.498732001 0.750064015 -0.434363008 0.498732001 0.419295013 -0.261058986 -0.869504988 0.419295013 -0.261058986 -0.869504988 0.419295013 -0.261058986 -0.869504988 0.419295013 -0.261058986 -0.869504988 -0.897040009 0.0340356007 -0.440636009 -0.897040009 0.0340356007 -0.440636009 -0.897040009 0.0340356007 -0.440636009 -0.897040009 0.0340356007 -0.440636009 -0.407884985 0.295336008 0.863947988 -0.407884985 0.295336008 0.863947988 -0.407884985 0.295336008 0.863947988 -0.407884985 0.295336008 0.863947988 0.916325986 -0.0819609985 0.391956002 0.916325986 -0.0819609985 0.391956002 0.916325986 -0.0819609985 0.391956002 0.916325986 -0.0819609985 0.391956002 0.379314989 -0.283311993 -0.880825996 0.379314989 -0.283311993 -0.880825996 0.379314989 -0.283311993 -0.880825996 0.379314989 -0.283311993 -0.880825996 -0.930043995 -0.0730703995 -0.360110015 -0.930043995 -0.0730703995 -0.360110015 -0.930043995 -0.0730703995 -0.360110015 -0.930043995 -0.0730703995 -0.360110015 -0.390895009 0.0319848992 0.919879019 -0.390895009 0.0319848992 0.919879019 -0.390895009 0.0319848992 0.919879019 -0.390895009 0.0319848992 0.919879019 0.945226014 0.117049001 0.304708987 0.945226014 0.117049001 0.304708987 0.945226014 0.117049001 0.304708987 0.945226014 0.117049001 0.304708987 0.464534998 0.00838110037 -0.885514975 0.464534998 0.00838110037 -0.885514975 0.464534998 0.00838110037 -0.885514975 0.464534998 0.00838110037 -0.885514975 -0.943894982 0.239820004 -0.227045 -0.943894982 0.239820004 -0.227045 -0.943894982 0.239820004 -0.227045 -0.943894982 0.239820004 -0.227045 -0.331916004 -0.818095982 0.469628006 -0.331916004 -0.818095982 0.469628006 -0.331916004 -0.818095982 0.469628006 -0.331916004 -0.818095982 0.469628006 0.941977978 -0.223147005 0.250764996 0.941977978 -0.223147005 0.250764996 0.941977978 -0.223147005 0.250764996 0.941977978 -0.223147005 0.250764996 0.326393992 0.833163023 -0.446435988 0.326393992 0.833163023 -0.446435988 0.326393992 0.833163023 -0.446435988 0.326393992 0.833163023 -0.446435988 -0.921240985 0.191484004 -0.338597 -0.921240985 0.191484004 -0.338597 -0.921240985 0.191484004 -0.338597 -0.921240985 0.191484004 -0.338597 -0.276894003 -0.941879988 0.190239996 -0.276894003 -0.941879988 0.190239996 -0.276894003 -0.941879988 0.190239996 -0.276894003 -0.941879988 0.190239996 0.905052006 -0.184757993 0.383073002 0.905052006 -0.184757993 0.383073002 0.905052006 -0.184757993 0.383073002 0.905052006 -0.184757993 0.383073002 0.231847003 0.958711982 -0.164679006 0.231847003 0.958711982 -0.164679006 0.231847003 0.958711982 -0.164679006 0.231847003 0.958711982 -0.164679006 -0.707737982 0.0121328998 -0.706371009 -0.707737982 0.0121328998 -0.706371009 -0.707737982 0.0121328998 -0.706371009 -0.707737982 0.0121328998 -0.706371009 -0.447412014 -0.760573983 0.470477998 -0.447412014 -0.760573983 0.470477998 -0.447412014 -0.760573983 0.470477998 -0.447412014 -0.760573983 0.470477998 0.711301029 0.0212401003 0.702566028 0.711301029 0.0212401003 0.702566028 0.711301029 0.0212401003 0.702566028 0.711301029 0.0212401003 0.702566028 0.402209997 0.800374985 -0.444554001 0.402209997 0.800374985 -0.444554001 0.402209997 0.800374985 -0.444554001 0.402209997 0.800374985 -0.444554001 -0.753924012 0.00042921101 -0.656961977 -0.753924012 0.00042921101 -0.656961977 -0.753924012 0.00042921101 -0.656961977 -0.753924012 0.00042921101 -0.656961977 -0.720099986 -0.0612769015 0.69115901 -0.720099986 -0.0612769015 0.69115901 -0.720099986 -0.0612769015 0.69115901 -0.720099986 -0.0612769015 0.69115901 0.73139298 0.0148055004 0.681795001 0.73139298 0.0148055004 0.681795001 0.73139298 0.0148055004 0.681795001 0.73139298 0.0148055004 0.681795001 0.671196997 0.0285953004 -0.740727007 0.671196997 0.0285953004 -0.740727007 0.671196997 0.0285953004 -0.740727007 0.671196997 0.0285953004 -0.740727007 -0.733572006 -0.248089001 -0.632712007 -0.733572006 -0.248089001 -0.632712007 -0.733572006 -0.248089001 -0.632712007 -0.733572006 -0.248089001 -0.632712007 -0.623463988 -0.352171987 0.698045015 -0.623463988 -0.352171987 0.698045015 -0.623463988 -0.352171987 0.698045015 -0.623463988 -0.352171987 0.698045015 0.701340973 0.231189996 0.674293995 0.701340973 0.231189996 0.674293995 0.701340973 0.231189996 0.674293995 0.701340973 0.231189996 0.674293995 0.646852016 0.379613012 -0.661419988 0.646852016 0.379613012 -0.661419988 0.646852016 0.379613012 -0.661419988 0.646852016 0.379613012 -0.661419988 0.98466599 0.0919601992 0.148247004 0.98466599 0.0919601992 0.148247004 0.98466599 0.0919601992 0.148247004 0.98466599 0.0919601992 0.148247004 0.0852290019 -0.994522989 0.0604959019 0.0852290019 -0.994522989 0.0604959019 0.0852290019 -0.994522989 0.0604959019 0.0852290019 -0.994522989 0.0604959019 -0.970395982 -0.0980063975 -0.220741004 -0.970395982 -0.0980063975 -0.220741004 -0.970395982 -0.0980063975 -0.220741004 -0.970395982 -0.0980063975 -0.220741004 -0.0709066987 0.988552988 -0.133175999 -0.0709066987 0.988552988 -0.133175999 -0.0709066987 0.988552988 -0.133175999 -0.0709066987 0.988552988 -0.133175999 0.968858004 0.100014001 0.226520002 0.968858004 0.100014001 0.226520002 0.968858004 0.100014001 0.226520002 0.968858004 0.100014001 0.226520002 0.0639714971 -0.987399995 0.144734994 0.0639714971 -0.987399995 0.144734994 0.0639714971 -0.987399995 0.144734994 0.0639714971 -0.987399995 0.144734994 -0.958240986 -0.104654998 -0.266122997 -0.958240986 -0.104654998 -0.266122997 -0.958240986 -0.104654998 -0.266122997 -0.958240986 -0.104654998 -0.266122997 -0.0529219992 0.980186999 -0.190873995 -0.0529219992 0.980186999 -0.190873995 -0.0529219992 0.980186999 -0.190873995 -0.0529219992 0.980186999 -0.190873995 0.975256026 0.101530999 0.196383998 0.975256026 0.101530999 0.196383998 0.975256026 0.101530999 0.196383998 0.975256026 0.101530999 0.196383998 0.00938223954 -0.915212989 0.402860999 0.00938223954 -0.915212989 0.402860999 0.00938223954 -0.915212989 0.402860999 0.00938223954 -0.915212989 0.402860999 -0.975333989 -0.0953226015 -0.199091002 -0.975333989 -0.0953226015 -0.199091002 -0.975333989 -0.0953226015 -0.199091002 -0.975333989 -0.0953226015 -0.199091002 0.0397141017 0.892126024 -0.450038999 0.0397141017 0.892126024 -0.450038999 0.0397141017 0.892126024 -0.450038999 0.0397141017 0.892126024 -0.450038999 0.866559029 0.131630003 0.481404006 0.866559029 0.131630003 0.481404006 0.866559029 0.131630003 0.481404006 0.866559029 0.131630003 0.481404006 0.0533302017 -0.970354974 0.235726997 0.0533302017 -0.970354974 0.235726997 0.0533302017 -0.970354974 0.235726997 0.0533302017 -0.970354974 0.235726997 -0.842565 -0.0690981001 -0.534143984 -0.842565 -0.0690981001 -0.534143984 -0.842565 -0.0690981001 -0.534143984 -0.842565 -0.0690981001 -0.534143984 0.0966776982 0.977930009 -0.185222998 0.0966776982 0.977930009 -0.185222998 0.0966776982 0.977930009 -0.185222998 0.0966776982 0.977930009 -0.185222998 0.643518984 0.0374733992 0.764513016 0.643518984 0.0374733992 0.764513016 0.643518984 0.0374733992 0.764513016 0.643518984 0.0374733992 0.764513016 0.0347651988 -0.988689005 -0.145894006 0.0347651988 -0.988689005 -0.145894006 0.0347651988 -0.988689005 -0.145894006 0.0347651988 -0.988689005 -0.145894006 -0.610109985 -0.0115512004 -0.79223299 -0.610109985 -0.0115512004 -0.79223299 -0.610109985 -0.0115512004 -0.79223299 -0.610109985 -0.0115512004 -0.79223299 -0.117826 0.988313019 0.0967233032 -0.117826 0.988313019 0.0967233032 -0.117826 0.988313019 0.0967233032 -0.117826 0.988313019 0.0967233032 0.121830001 -0.236220002 0.964031994 0.121830001 -0.236220002 0.964031994 0.121830001 -0.236220002 0.964031994 0.121830001 -0.236220002 0.964031994 0.194827005 -0.966228008 -0.168658003 0.194827005 -0.966228008 -0.168658003 0.194827005 -0.966228008 -0.168658003 0.194827005 -0.966228008 -0.168658003 -0.100534998 -0.0148497 -0.994822979 -0.100534998 -0.0148497 -0.994822979 -0.100534998 -0.0148497 -0.994822979 -0.100534998 -0.0148497 -0.994822979 -0.186754003 0.956762016 0.223001003 -0.186754003 0.956762016 0.223001003 -0.186754003 0.956762016 0.223001003 -0.186754003 0.956762016 0.223001003 -0.742190003 0.0882244036 -0.66435802 -0.742190003 0.0882244036 -0.66435802 -0.742190003 0.0882244036 -0.66435802 -0.742190003 0.0882244036 -0.66435802 -0.906225979 0.0776619986 0.415598989 -0.906225979 0.0776619986 0.415598989 -0.906225979 0.0776619986 0.415598989 -0.906225979 0.0776619986 0.415598989 -0.209306002 0.105442002 0.972149014 -0.209306002 0.105442002 0.972149014 -0.209306002 0.105442002 0.972149014 -0.209306002 0.105442002 0.972149014 0.804332972 0.0829716995 0.588356972 0.804332972 0.0829716995 0.588356972 0.804332972 0.0829716995 0.588356972 0.804332972 0.0829716995 0.588356972 0.957401991 0.0771349967 -0.278266013 0.957401991 0.0771349967 -0.278266013 0.957401991 0.0771349967 -0.278266013 0.957401991 0.0771349967 -0.278266013 0.0930522978 0.0692960992 -0.993246973 0.0930522978 0.0692960992 -0.993246973 0.0930522978 0.0692960992 -0.993246973 0.0930522978 0.0692960992 -0.993246973 -0.301743001 0.533451021 -0.790178001 -0.301743001 0.533451021 -0.790178001 -0.301743001 0.533451021 -0.790178001 -0.301743001 0.533451021 -0.790178001 0.0059745498 0.999779999 0.0201050006 0.0059745498 0.999779999 0.0201050006 0.0059745498 0.999779999 0.0201050006 0.0059745498 0.999779999 0.0201050006 0.454371005 0.48317799 0.748389006 0.454371005 0.48317799 0.748389006 0.454371005 0.48317799 0.748389006 0.454371005 0.48317799 0.748389006 0.72636199 -0.161177993 0.668147027 0.72636199 -0.161177993 0.668147027 0.72636199 -0.161177993 0.668147027 0.72636199 -0.161177993 0.668147027 0.435797006 -0.873628974 -0.216455996 0.435797006 -0.873628974 -0.216455996 0.435797006 -0.873628974 -0.216455996 0.435797006 -0.873628974 -0.216455996 0.0268942006 -0.389905989 -0.920462012 0.0268942006 -0.389905989 -0.920462012 0.0268942006 -0.389905989 -0.920462012 0.0268942006 -0.389905989 -0.920462012 -0.692789972 -0.190547004 -0.69551003 -0.692789972 -0.190547004 -0.69551003 -0.692789972 -0.190547004 -0.69551003 -0.692789972 -0.190547004 -0.69551003 -0.439491987 -0.869975984 0.223580003 -0.439491987 -0.869975984 0.223580003 -0.439491987 -0.869975984 0.223580003 -0.439491987 -0.869975984 0.223580003 -0.121255003 -0.200066 0.972249985 -0.121255003 -0.200066 0.972249985 -0.121255003 -0.200066 0.972249985 -0.121255003 -0.200066 0.972249985 0.278697997 0.49880901 0.820680976 0.278697997 0.49880901 0.820680976 0.278697997 0.49880901 0.820680976 0.278697997 0.49880901 0.820680976 0.146496996 0.988645017 -0.0334560983 0.146496996 0.988645017 -0.0334560983 0.146496996 0.988645017 -0.0334560983 0.146496996 0.988645017 -0.0334560983 -0.276805013 0.531974018 -0.800239027 -0.276805013 0.531974018 -0.800239027 -0.276805013 0.531974018 -0.800239027 -0.276805013 0.531974018 -0.800239027 -0.801729977 0.519008994 -0.296407998 -0.801729977 0.519008994 -0.296407998 -0.801729977 0.519008994 -0.296407998 -0.801729977 0.519008994 -0.296407998 -0.167818993 -0.136748001 0.976287007 -0.167818993 -0.136748001 0.976287007 -0.167818993 -0.136748001 0.976287007 -0.167818993 -0.136748001 0.976287007 0.644919991 -0.691164017 0.326142997 0.644919991 -0.691164017 0.326142997 0.644919991 -0.691164017 0.326142997 0.644919991 -0.691164017 0.326142997 0.276333004 0.0905736014 -0.95678401 0.276333004 0.0905736014 -0.95678401 0.276333004 0.0905736014 -0.95678401 0.276333004 0.0905736014 -0.95678401 -0.293449998 0.938042998 -0.184288993 -0.293449998 0.938042998 -0.184288993 -0.293449998 0.938042998 -0.184288993 -0.293449998 0.938042998 -0.184288993 -0.145496994 0.270242989 0.95173502 -0.145496994 0.270242989 0.95173502 -0.145496994 0.270242989 0.95173502 -0.145496994 0.270242989 0.95173502 0.437523007 -0.867173016 0.237874001 0.437523007 -0.867173016 0.237874001 0.437523007 -0.867173016 0.237874001 0.437523007 -0.867173016 0.237874001 0.202825993 -0.0219909009 -0.978968024 0.202825993 -0.0219909009 -0.978968024 0.202825993 -0.0219909009 -0.978968024 0.202825993 -0.0219909009 -0.978968024 -0.953548014 0.168948993 -0.249403998 -0.953548014 0.168948993 -0.249403998 -0.953548014 0.168948993 -0.249403998 -0.953548014 0.168948993 -0.249403998 -0.413666993 -0.0601257011 0.908441007 -0.413666993 -0.0601257011 0.908441007 -0.413666993 -0.0601257011 0.908441007 -0.413666993 -0.0601257011 0.908441007 0.930239022 -0.135373995 0.341069996 0.930239022 -0.135373995 0.341069996 0.930239022 -0.135373995 0.341069996 0.930239022 -0.135373995 0.341069996 0.442294002 0.0675622001 -0.894321978 0.442294002 0.0675622001 -0.894321978 0.442294002 0.0675622001 -0.894321978 0.442294002 0.0675622001 -0.894321978 -0.920846999 0.142321005 -0.363023013 -0.920846999 0.142321005 -0.363023013 -0.920846999 0.142321005 -0.363023013 -0.920846999 0.142321005 -0.363023013 -0.442797005 -0.645672023 0.622124016 -0.442797005 -0.645672023 0.622124016 -0.442797005 -0.645672023 0.622124016 -0.442797005 -0.645672023 0.622124016 0.902154028 0.0375057012 0.429780006 0.902154028 0.0375057012 0.429780006 0.902154028 0.0375057012 0.429780006 0.902154028 0.0375057012 0.429780006 0.216477007 0.766369998 -0.604826987 0.216477007 0.766369998 -0.604826987 0.216477007 0.766369998 -0.604826987 0.216477007 0.766369998 -0.604826987 -0.771363974 -0.200426996 -0.604008019 -0.771363974 -0.200426996 -0.604008019 -0.771363974 -0.200426996 -0.604008019 -0.771363974 -0.200426996 -0.604008019 -0.561278999 -0.208214998 0.801006973 -0.561278999 -0.208214998 0.801006973 -0.561278999 -0.208214998 0.801006973 -0.561278999 -0.208214998 0.801006973 0.748127997 0.226852 0.623571992 0.748127997 0.226852 0.623571992 0.748127997 0.226852 0.623571992 0.748127997 0.226852 0.623571992 0.57188803 0.189144999 -0.798228025 0.57188803 0.189144999 -0.798228025 0.57188803 0.189144999 -0.798228025 0.57188803 0.189144999 -0.798228025 0.0761471018 0.895747006 0.43799299 0.0761471018 0.895747006 0.43799299 0.0761471018 0.895747006 0.43799299 0.0761471018 0.895747006 0.43799299 0.0295077991 0.890107989 0.45479399 0.0295077991 0.890107989 0.45479399 0.0295077991 0.890107989 0.45479399 0.909357011 -0.052232299 -0.412725002 0.909357011 -0.052232299 -0.412725002 0.909357011 -0.052232299 -0.412725002 -0.665005982 0.735969007 0.126947999 -0.665005982 0.735969007 0.126947999 -0.665005982 0.735969007 0.126947999 -0.665005982 0.735969007 0.126947999 -0.396443009 0.913303971 0.0933185965 -0.396443009 0.913303971 0.0933185965 -0.396443009 0.913303971 0.0933185965 0.948521972 0.288194001 -0.131340995 0.948521972 0.288194001 -0.131340995 0.948521972 0.288194001 -0.131340995 -0.348466009 -0.157361001 0.924018025 -0.348466009 -0.157361001 0.924018025 -0.348466009 -0.157361001 0.924018025 -0.348466009 -0.157361001 0.924018025 -0.768725991 -0.569365025 -0.291350007 -0.768725991 -0.569365025 -0.291350007 -0.768725991 -0.569365025 -0.291350007 -0.768725991 -0.569365025 -0.291350007 0.730220973 0.593230009 0.338901997 0.730220973 0.593230009 0.338901997 0.730220973 0.593230009 0.338901997 0.730220973 0.593230009 0.338901997 0.289880008 0.159987003 -0.943596005 0.289880008 0.159987003 -0.943596005 0.289880008 0.159987003 -0.943596005 0.289880008 0.159987003 -0.943596005 -0.34403199 -0.0313883014 0.938432992 -0.34403199 -0.0313883014 0.938432992 -0.34403199 -0.0313883014 0.938432992 -0.34403199 -0.0313883014 0.938432992 -0.538136005 -0.817544997 -0.205010995 -0.538136005 -0.817544997 -0.205010995 -0.538136005 -0.817544997 -0.205010995 -0.538136005 -0.817544997 -0.205010995 0.495395988 0.845686972 0.198483005 0.495395988 0.845686972 0.198483005 0.495395988 0.845686972 0.198483005 0.495395988 0.845686972 0.198483005 0.301506996 0.0568320006 -0.951768994 0.301506996 0.0568320006 -0.951768994 0.301506996 0.0568320006 -0.951768994 0.301506996 0.0568320006 -0.951768994 </float_array>
          <technique_common>
            <accessor count="764" offset="0" source="#meshesQ0S-0-normals-array" stride="3">
              <param name="X" type="float" />
              <param name="Y" type="float" />
              <param name="Z" type="float" />
            </accessor>
          </technique_common>
        </source>
        <source id="meshesQ0S-0-tex0" name="meshesQ0S-0-tex0">
          <float_array id="meshesQ0S-0-tex0-array" count="1528"> 0.175435007 0.836434007 0.227393001 0.836434007 0.150244996 0.710368037 0.202202007 0.711739004 0.279350996 0.836434007 0.254159987 0.714062989 0.227393001 0.836434007 0.202202007 0.711739004 0.331308007 0.836434007 0.306118011 0.710368037 0.279350996 0.836434007 0.254159987 0.714062989 0.383266002 0.836434007 0.358074993 0.711739004 0.331308007 0.836434007 0.306118011 0.710368037 0.383266002 0.836434007 0.435223013 0.836434007 0.358074993 0.711739004 0.410032988 0.714062989 0.435223013 0.836434007 0.487181008 0.836434007 0.410032988 0.714062989 0.461989999 0.710368037 0.150244996 0.710368037 0.202202007 0.711739004 0.120829999 0.562267005 0.172787994 0.564234972 0.224745005 0.565533996 0.172787994 0.564234972 0.254159987 0.714062989 0.202202007 0.711739004 0.306118011 0.710368037 0.276703 0.562267005 0.254159987 0.714062989 0.224745005 0.565533996 0.306118011 0.710368037 0.358074993 0.711739004 0.276703 0.562267005 0.328660011 0.564234972 0.358074993 0.711739004 0.410032988 0.714062989 0.328660011 0.564234972 0.380618006 0.565533996 0.410032988 0.714062989 0.461989999 0.710368037 0.380618006 0.565533996 0.432576001 0.562267005 0.172787994 0.564234972 0.144204006 0.425293982 0.120829999 0.562267005 0.0922468007 0.423318028 0.224745005 0.565533996 0.196162 0.420095026 0.172787994 0.564234972 0.144204006 0.425293982 0.224745005 0.565533996 0.276703 0.562267005 0.196162 0.420095026 0.248119995 0.423318028 0.276703 0.562267005 0.328660011 0.564234972 0.248119995 0.423318028 0.300076991 0.425293982 0.380618006 0.565533996 0.352034986 0.420095026 0.328660011 0.564234972 0.300076991 0.425293982 0.380618006 0.565533996 0.432576001 0.562267005 0.352034986 0.420095026 0.403993011 0.423318028 0.144204006 0.425293982 0.116520002 0.282685995 0.0922468007 0.423318028 0.0645629019 0.285228014 0.144204006 0.425293982 0.196162 0.420095026 0.116520002 0.282685995 0.168477997 0.28303802 0.248119995 0.423318028 0.220436007 0.285228014 0.196162 0.420095026 0.168477997 0.28303802 0.300076991 0.425293982 0.272392988 0.282685995 0.248119995 0.423318028 0.220436007 0.285228014 0.300076991 0.425293982 0.352034986 0.420095026 0.272392988 0.282685995 0.324351013 0.28303802 0.352034986 0.420095026 0.403993011 0.423318028 0.324351013 0.28303802 0.376309007 0.285228014 0.0645629019 0.285228014 0.116520002 0.282685995 0.0355346017 0.13884002 0.0874921978 0.138570011 0.168477997 0.28303802 0.139449999 0.134965003 0.116520002 0.282685995 0.0874921978 0.138570011 0.220436007 0.285228014 0.191407993 0.13884002 0.168477997 0.28303802 0.139449999 0.134965003 0.272392988 0.282685995 0.243365005 0.138570011 0.220436007 0.285228014 0.191407993 0.13884002 0.324351013 0.28303802 0.295323014 0.134965003 0.272392988 0.282685995 0.243365005 0.138570011 0.324351013 0.28303802 0.376309007 0.285228014 0.295323014 0.134965003 0.347279996 0.13884002 0.0355346017 0.13884002 0.0874921978 0.138570011 0.00999999978 0.00999999046 0.0619576015 0.0113390088 0.0874921978 0.138570011 0.139449999 0.134965003 0.0619576015 0.0113390088 0.113914996 0.0102099776 0.139449999 0.134965003 0.191407993 0.13884002 0.113914996 0.0102099776 0.165873006 0.00999999046 0.191407993 0.13884002 0.243365005 0.138570011 0.165873006 0.00999999046 0.217831001 0.0113390088 0.295323014 0.134965003 0.269787997 0.0102099776 0.243365005 0.138570011 0.217831001 0.0113390088 0.347279996 0.13884002 0.321745992 0.00999999046 0.295323014 0.134965003 0.269787997 0.0102099776 0.227375001 0.836345017 0.201631993 0.707566023 0.175418004 0.836345017 0.149674997 0.709545016 0.227375001 0.836345017 0.279332995 0.836345017 0.201631993 0.707566023 0.253589988 0.71104598 0.279332995 0.836345017 0.331290007 0.836345017 0.253589988 0.71104598 0.305548012 0.709545016 0.331290007 0.836345017 0.383248001 0.836345017 0.305548012 0.709545016 0.357504994 0.707566023 0.435205996 0.836345017 0.409462988 0.71104598 0.383248001 0.836345017 0.357504994 0.707566023 0.487163007 0.836345017 0.461421013 0.709545016 0.435205996 0.836345017 0.409462988 0.71104598 0.173259005 0.567000031 0.121302001 0.562298 0.201631993 0.707566023 0.149674997 0.709545016 0.253589988 0.71104598 0.225217 0.567351997 0.201631993 0.707566023 0.173259005 0.567000031 0.225217 0.567351997 0.253589988 0.71104598 0.277175009 0.562298 0.305548012 0.709545016 0.277175009 0.562298 0.305548012 0.709545016 0.329131991 0.567000031 0.357504994 0.707566023 0.409462988 0.71104598 0.381089985 0.567351997 0.357504994 0.707566023 0.329131991 0.567000031 0.461421013 0.709545016 0.43304801 0.562298 0.409462988 0.71104598 0.381089985 0.567351997 0.173259005 0.567000031 0.144367993 0.427165985 0.121302001 0.562298 0.0924104974 0.423979998 0.225217 0.567351997 0.196326002 0.420037985 0.173259005 0.567000031 0.144367993 0.427165985 0.225217 0.567351997 0.277175009 0.562298 0.196326002 0.420037985 0.248282999 0.423979998 0.277175009 0.562298 0.329131991 0.567000031 0.248282999 0.423979998 0.300240993 0.427165985 0.381089985 0.567351997 0.352198988 0.420037985 0.329131991 0.567000031 0.300240993 0.427165985 0.381089985 0.567351997 0.43304801 0.562298 0.352198988 0.420037985 0.404155999 0.423979998 0.065624699 0.290346026 0.0924104974 0.423979998 0.117582001 0.286747992 0.144367993 0.427165985 0.144367993 0.427165985 0.196326002 0.420037985 0.117582001 0.286747992 0.169540003 0.288226008 0.248282999 0.423979998 0.221497998 0.290346026 0.196326002 0.420037985 0.169540003 0.288226008 0.273454994 0.286747992 0.221497998 0.290346026 0.300240993 0.427165985 0.248282999 0.423979998 0.300240993 0.427165985 0.352198988 0.420037985 0.273454994 0.286747992 0.325412989 0.288226008 0.352198988 0.420037985 0.404155999 0.423979998 0.325412989 0.288226008 0.37737 0.290346026 0.52165997 0.70401299 0.529214978 0.66623801 0.464567989 0.70401299 0.47212401 0.66623801 0.52165997 0.70401299 0.578751981 0.70401299 0.529214978 0.66623801 0.586306989 0.66623801 0.578751981 0.70401299 0.635842979 0.70401299 0.586306989 0.66623801 0.643397987 0.66623801 0.69293499 0.70401299 0.700489998 0.66623801 0.635842979 0.70401299 0.643397987 0.66623801 0.560792983 0.510040998 0.569501996 0.465689003 0.503701985 0.510060012 0.512410998 0.468811989 0.560792983 0.510040998 0.617884994 0.510060012 0.569501996 0.465689003 0.626594007 0.468811989 0.674977005 0.510040998 0.683685005 0.465689003 0.617884994 0.510060012 0.626594007 0.468811989 0.732068002 0.510060012 0.740777016 0.468811989 0.674977005 0.510040998 0.683685005 0.465689003 0.569501996 0.465689003 0.57841599 0.422142982 0.512410998 0.468811989 0.521324992 0.423677981 0.569501996 0.465689003 0.626594007 0.468811989 0.57841599 0.422142982 0.635508001 0.423677981 0.626594007 0.468811989 0.683685005 0.465689003 0.635508001 0.423677981 0.692598999 0.422142982 0.740777016 0.468811989 0.74969101 0.423677981 0.683685005 0.465689003 0.692598999 0.422142982 0.45222801 0.413510978 0.458819002 0.380557001 0.405865997 0.413510978 0.412456989 0.380557001 0.498591006 0.413510978 0.505182028 0.380557001 0.45222801 0.413510978 0.458819002 0.380557001 0.498591006 0.413510978 0.544952989 0.413510978 0.505182028 0.380557001 0.551544011 0.380557001 0.544952989 0.413510978 0.591315985 0.413510978 0.551544011 0.380557001 0.597907007 0.380557001 0.425805986 0.313809991 0.472169012 0.313809991 0.435896993 0.26681602 0.482259989 0.263387024 0.472169012 0.313809991 0.518531024 0.313809991 0.482259989 0.263387024 0.528621972 0.26681602 0.564894021 0.313809991 0.574985027 0.263387024 0.518531024 0.313809991 0.528621972 0.26681602 0.564894021 0.313809991 0.611256003 0.313809991 0.574985027 0.263387024 0.62134701 0.26681602 0.435896993 0.26681602 0.482259989 0.263387024 0.444595993 0.220836997 0.490958989 0.222416997 0.528621972 0.26681602 0.537320971 0.220836997 0.482259989 0.263387024 0.490958989 0.222416997 0.528621972 0.26681602 0.574985027 0.263387024 0.537320971 0.220836997 0.583684027 0.222416997 0.574985027 0.263387024 0.62134701 0.26681602 0.583684027 0.222416997 0.63004601 0.220836997 0.50011301 0.175417006 0.453750998 0.176223993 0.490958989 0.222416997 0.444595993 0.220836997 0.546476007 0.176223993 0.50011301 0.175417006 0.537320971 0.220836997 0.490958989 0.222416997 0.546476007 0.176223993 0.537320971 0.220836997 0.592837989 0.175417006 0.583684027 0.222416997 0.592837989 0.175417006 0.583684027 0.222416997 0.639200985 0.176223993 0.63004601 0.220836997 0.453750998 0.176223993 0.50011301 0.175417006 0.463907987 0.120670974 0.510271013 0.124991 0.546476007 0.176223993 0.556632996 0.120670974 0.50011301 0.175417006 0.510271013 0.124991 0.556632996 0.120670974 0.546476007 0.176223993 0.602995992 0.124991 0.592837989 0.175417006 0.649357975 0.120670974 0.602995992 0.124991 0.639200985 0.176223993 0.592837989 0.175417006 0.463907987 0.120670974 0.510271013 0.124991 0.474335998 0.0696039796 0.520698011 0.0751060247 0.556632996 0.120670974 0.567061007 0.0696039796 0.510271013 0.124991 0.520698011 0.0751060247 0.602995992 0.124991 0.61342299 0.0751060247 0.556632996 0.120670974 0.567061007 0.0696039796 0.649357975 0.120670974 0.659785986 0.0696039796 0.602995992 0.124991 0.61342299 0.0751060247 0.425482988 0.315428019 0.471845001 0.315428019 0.435777009 0.266488016 0.482138991 0.264518976 0.471845001 0.315428019 0.518207014 0.315428019 0.482138991 0.264518976 0.528501987 0.266488016 0.56457001 0.315428019 0.57486397 0.264518976 0.518207014 0.315428019 0.528501987 0.266488016 0.56457001 0.315428019 0.610931993 0.315428019 0.57486397 0.264518976 0.621227026 0.266488016 0.435777009 0.266488016 0.482138991 0.264518976 0.444741011 0.220426023 0.491102993 0.221731007 0.528501987 0.266488016 0.53746599 0.220426023 0.482138991 0.264518976 0.491102993 0.221731007 0.528501987 0.266488016 0.57486397 0.264518976 0.53746599 0.220426023 0.583827972 0.221731007 0.57486397 0.264518976 0.621227026 0.266488016 0.583827972 0.221731007 0.630191028 0.220426023 0.491102993 0.221731007 0.500214994 0.175303996 0.444741011 0.220426023 0.453851998 0.175234973 0.53746599 0.220426023 0.546576977 0.175234973 0.491102993 0.221731007 0.500214994 0.175303996 0.53746599 0.220426023 0.583827972 0.221731007 0.546576977 0.175234973 0.592939973 0.175303996 0.583827972 0.221731007 0.630191028 0.220426023 0.592939973 0.175303996 0.639302015 0.175234973 0.510035992 0.125312984 0.463672996 0.123255014 0.500214994 0.175303996 0.453851998 0.175234973 0.556397974 0.123255014 0.510035992 0.125312984 0.546576977 0.175234973 0.500214994 0.175303996 0.556397974 0.123255014 0.546576977 0.175234973 0.602760971 0.125312984 0.592939973 0.175303996 0.639302015 0.175234973 0.649123013 0.123255014 0.592939973 0.175303996 0.602760971 0.125312984 0.474025995 0.0700989962 0.463672996 0.123255014 0.520388007 0.0774649978 0.510035992 0.125312984 0.556397974 0.123255014 0.566751003 0.0700989962 0.510035992 0.125312984 0.520388007 0.0774649978 0.556397974 0.123255014 0.602760971 0.125312984 0.566751003 0.0700989962 0.613112986 0.0774649978 0.649123013 0.123255014 0.659475982 0.0700989962 0.602760971 0.125312984 0.613112986 0.0774649978 0.521713018 0.976453304 0.573561013 0.976453304 0.513702989 0.936400533 0.565550983 0.936400533 0.62541002 0.976453304 0.617398977 0.936400533 0.573561013 0.976453304 0.565550983 0.936400533 0.677258015 0.976453304 0.669247985 0.936400533 0.62541002 0.976453304 0.617398977 0.936400533 0.677258015 0.976453304 0.729106009 0.976453304 0.669247985 0.936400533 0.721095979 0.936400533 0.513702989 0.936400533 0.565550983 0.936400533 0.505604029 0.898775995 0.557452023 0.89606899 0.565550983 0.936400533 0.617398977 0.936400533 0.557452023 0.89606899 0.609300971 0.898775995 0.669247985 0.936400533 0.661149025 0.89606899 0.617398977 0.936400533 0.609300971 0.898775995 0.669247985 0.936400533 0.721095979 0.936400533 0.661149025 0.89606899 0.712997019 0.898775995 0.505604029 0.898775995 0.557452023 0.89606899 0.497455001 0.855377018 0.549302995 0.861232996 0.609300971 0.898775995 0.601152003 0.855377018 0.557452023 0.89606899 0.549302995 0.861232996 0.609300971 0.898775995 0.661149025 0.89606899 0.601152003 0.855377018 0.652999997 0.861232996 0.712997019 0.898775995 0.704849005 0.855377018 0.661149025 0.89606899 0.652999997 0.861232996 0.549302995 0.861232996 0.540382028 0.812052011 0.497455001 0.855377018 0.488534003 0.81043303 0.601152003 0.855377018 0.592230022 0.81043303 0.549302995 0.861232996 0.540382028 0.812052011 0.601152003 0.855377018 0.652999997 0.861232996 0.592230022 0.81043303 0.64407903 0.812052011 0.64407903 0.812052011 0.652999997 0.861232996 0.695927024 0.81043303 0.704849005 0.855377018 0.540382028 0.812052011 0.531090021 0.761089981 0.488534003 0.81043303 0.479241014 0.769104004 0.531090021 0.761089981 0.540382028 0.812052011 0.582938015 0.769104004 0.592230022 0.81043303 0.64407903 0.812052011 0.63478601 0.761089981 0.592230022 0.81043303 0.582938015 0.769104004 0.64407903 0.812052011 0.695927024 0.81043303 0.63478601 0.761089981 0.686635017 0.769104004 0.531090021 0.761089981 0.520932019 0.710489988 0.479241014 0.769104004 0.469083995 0.716190994 0.572781026 0.716190994 0.520932019 0.710489988 0.582938015 0.769104004 0.531090021 0.761089981 0.582938015 0.769104004 0.63478601 0.761089981 0.572781026 0.716190994 0.624629021 0.710489988 0.63478601 0.761089981 0.686635017 0.769104004 0.624629021 0.710489988 0.676477015 0.716190994 0.206148997 0.99000001 0.258644015 0.99000001 0.187637001 0.89744401 0.241328001 0.89744401 0.258644015 0.99000001 0.310384005 0.99000001 0.241328001 0.89744401 0.28996399 0.89744401 0.361158997 0.99000001 0.342200994 0.89744401 0.310384005 0.99000001 0.28996399 0.89744401 0.361158997 0.99000001 0.412970006 0.99000001 0.342200994 0.89744401 0.396385998 0.89744401 0.465546012 0.99000001 0.445488989 0.89744401 0.412970006 0.99000001 0.396385998 0.89744401 0.51789403 0.99000001 0.499383003 0.89744401 0.465546012 0.99000001 0.445488989 0.89744401 0.187637001 0.89744401 0.234079003 0.869865 0.175435007 0.836434007 0.227393001 0.836434007 0.287171006 0.875536978 0.279350996 0.836434007 0.234079003 0.869865 0.227393001 0.836434007 0.342200994 0.89744401 0.331308007 0.836434007 0.287171006 0.875536978 0.279350996 0.836434007 0.342200994 0.89744401 0.396385998 0.89744401 0.331308007 0.836434007 0.383266002 0.836434007 0.396385998 0.89744401 0.445488989 0.89744401 0.383266002 0.836434007 0.435223013 0.836434007 0.499383003 0.89744401 0.487181008 0.836434007 0.445488989 0.89744401 0.435223013 0.836434007 0.187637001 0.89744401 0.241328001 0.89744401 0.175418004 0.836345017 0.227375001 0.836345017 0.28996399 0.89744401 0.279332995 0.836345017 0.241328001 0.89744401 0.227375001 0.836345017 0.331290007 0.836345017 0.279332995 0.836345017 0.342200994 0.89744401 0.28996399 0.89744401 0.342200994 0.89744401 0.390700012 0.873605013 0.331290007 0.836345017 0.383248001 0.836345017 0.442620993 0.873422027 0.435205996 0.836345017 0.390700012 0.873605013 0.383248001 0.836345017 0.499383003 0.89744401 0.487163007 0.836345017 0.442620993 0.873422027 0.435205996 0.836345017 0.465535998 0.356081009 0.417192012 0.357472003 0.458819002 0.380557001 0.412456989 0.380557001 0.511448026 0.357618988 0.465535998 0.356081009 0.505182028 0.380557001 0.458819002 0.380557001 0.554412007 0.356191993 0.511448026 0.357618988 0.551544011 0.380557001 0.505182028 0.380557001 0.554412007 0.356191993 0.551544011 0.380557001 0.602642 0.357472003 0.597907007 0.380557001 0.425805986 0.313809991 0.417192012 0.357472003 0.472169012 0.313809991 0.467727005 0.336017013 0.511448026 0.357618988 0.518531024 0.313809991 0.467727005 0.336017013 0.472169012 0.313809991 0.511448026 0.357618988 0.554412007 0.356191993 0.518531024 0.313809991 0.564894021 0.313809991 0.602642 0.357472003 0.611256003 0.313809991 0.554412007 0.356191993 0.564894021 0.313809991 0.474335998 0.0696039796 0.520698011 0.0751060247 0.484912992 0.0137839913 0.531275988 0.0178130269 0.520698011 0.0751060247 0.567061007 0.0696039796 0.531275988 0.0178130269 0.57763797 0.0188900232 0.61342299 0.0751060247 0.624001026 0.0143859982 0.567061007 0.0696039796 0.57763797 0.0188900232 0.61342299 0.0751060247 0.659785986 0.0696039796 0.624001026 0.0143859982 0.670363009 0.0137839913 0.417192012 0.357472003 0.465535998 0.356081009 0.425482988 0.315428019 0.471845001 0.315428019 0.511448026 0.357618988 0.518207014 0.315428019 0.465535998 0.356081009 0.471845001 0.315428019 0.511448026 0.357618988 0.560168028 0.337439001 0.518207014 0.315428019 0.56457001 0.315428019 0.602642 0.357472003 0.610931993 0.315428019 0.560168028 0.337439001 0.56457001 0.315428019 0.520388007 0.0774649978 0.530880988 0.0209029913 0.474025995 0.0700989962 0.484517992 0.0161579847 0.530880988 0.0209029913 0.520388007 0.0774649978 0.57724297 0.0170829892 0.566751003 0.0700989962 0.613112986 0.0774649978 0.623606026 0.0155040026 0.566751003 0.0700989962 0.57724297 0.0170829892 0.623606026 0.0155040026 0.613112986 0.0774649978 0.669968009 0.0161579847 0.659475982 0.0700989962 0.170651004 0.918561101 0.151488006 0.937723398 0.189813003 0.937723398 0.170651004 0.937723398 0.151488006 0.937723398 0.170651004 0.956885695 0.189813003 0.937723398 0.151488006 0.937723398 0.189813003 0.937723398 0.170651004 0.937723398 0.166539997 0.982593179 0.188604996 0.99000001 0.173947006 0.960528493 0.181275994 0.975264311 0.188604996 0.99000001 0.196012005 0.967935324 0.173947006 0.960528493 0.188604996 0.99000001 0.173947006 0.960528493 0.181275994 0.975264311 0.617884994 0.510060012 0.601737976 0.591907024 0.674977005 0.510040998 0.658829987 0.587821007 0.544646025 0.587821007 0.601737976 0.591907024 0.560792983 0.510040998 0.617884994 0.510060012 0.732068002 0.510060012 0.674977005 0.510040998 0.715920985 0.591907024 0.658829987 0.587821007 0.544646025 0.587821007 0.560792983 0.510040998 0.487554997 0.591907024 0.503701985 0.510060012 0.586306989 0.66623801 0.643397987 0.66623801 0.601737976 0.591907024 0.658829987 0.587821007 0.586306989 0.66623801 0.601737976 0.591907024 0.529214978 0.66623801 0.544646025 0.587821007 0.700489998 0.66623801 0.715920985 0.591907024 0.643397987 0.66623801 0.658829987 0.587821007 0.47212401 0.66623801 0.529214978 0.66623801 0.487554997 0.591907024 0.544646025 0.587821007 </float_array>
          <technique_common>
            <accessor count="764" offset="0" source="#meshesQ0S-0-tex0-array" stride="2">
              <param name="S" type="float" />
              <param name="T" type="float" />
            </accessor>
          </technique_common>
        </source>
        <vertices id="meshesQ0S-0-vertices">
          <input semantic="POSITION" source="#meshesQ0S-0-positions" />
        </vertices>
        <polylist count="380" material="defaultMaterial">
          <input offset="0" semantic="VERTEX" source="#meshesQ0S-0-vertices" />
          <input offset="0" semantic="NORMAL" source="#meshesQ0S-0-normals" />
          <input offset="0" semantic="TEXCOORD" source="#meshesQ0S-0-tex0" set="0" />
          <vcount>3 3 3 3 3 3 3 3 3 3 3 3 3 3 3 3 3 3 3 3 3 3 3 3 3 3 3 3 3 3 3 3 3 3 3 3 3 3 3 3 3 3 3 3 3 3 3 3 3 3 3 3 3 3 3 3 3 3 3 3 3 3 3 3 3 3 3 3 3 3 3 3 3 3 3 3 3 3 3 3 3 3 3 3 3 3 3 3 3 3 3 3 3 3 3 3 3 3 3 3 3 3 3 3 3 3 3 3 3 3 3 3 3 3 3 3 3 3 3 3 3 3 3 3 3 3 3 3 3 3 3 3 3 3 3 3 3 3 3 3 3 3 3 3 3 3 3 3 3 3 3 3 3 3 3 3 3 3 3 3 3 3 3 3 3 3 3 3 3 3 3 3 3 3 3 3 3 3 3 3 3 3 3 3 3 3 3 3 3 3 3 3 3 3 3 3 3 3 3 3 3 3 3 3 3 3 3 3 3 3 3 3 3 3 3 3 3 3 3 3 3 3 3 3 3 3 3 3 3 3 3 3 3 3 3 3 3 3 3 3 3 3 3 3 3 3 3 3 3 3 3 3 3 3 3 3 3 3 3 3 3 3 3 3 3 3 3 3 3 3 3 3 3 3 3 3 3 3 3 3 3 3 3 3 3 3 3 3 3 3 3 3 3 3 3 3 3 3 3 3 3 3 3 3 3 3 3 3 3 3 3 3 3 3 3 3 3 3 3 3 3 3 3 3 3 3 3 3 3 3 3 3 3 3 3 3 3 3 3 3 3 3 3 3 3 3 3 3 3 3 3 3 3 3 3 3 3 3 3 3 3 3 3 3 3 3 3 3 3 3 3 3 3 3 3 3 3 3 3 3 </vcount>
          <p>0 1 2 1 3 2 4 5 6 5 7 6 8 9 10 9 11 10 12 13 14 13 15 14 16 17 18 17 19 18 20 21 22 21 23 22 24 25 26 25 27 26 28 29 30 29 31 30 32 33 34 33 35 34 36 37 38 37 39 38 40 41 42 41 43 42 44 45 46 45 47 46 48 49 50 49 51 50 52 53 54 53 55 54 56 57 58 57 59 58 60 61 62 61 63 62 64 65 66 65 67 66 68 69 70 69 71 70 72 73 74 73 75 74 76 77 78 77 79 78 80 81 82 81 83 82 84 85 86 85 87 86 88 89 90 89 91 90 92 93 94 93 95 94 96 97 98 97 99 98 100 101 102 101 103 102 104 105 106 105 107 106 108 109 110 109 111 110 112 113 114 113 115 114 116 117 118 117 119 118 120 121 122 121 123 122 124 125 126 125 127 126 128 129 130 129 131 130 132 133 134 133 135 134 136 137 138 137 139 138 140 141 142 141 143 142 144 145 146 145 147 146 148 149 150 149 151 150 152 153 154 153 155 154 156 157 158 157 159 158 160 161 162 161 163 162 164 165 166 165 167 166 168 169 170 169 171 170 172 173 174 173 175 174 176 177 178 177 179 178 180 181 182 181 183 182 184 185 186 185 187 186 188 189 190 189 191 190 192 193 194 193 195 194 196 197 198 197 199 198 200 201 202 201 203 202 204 205 206 205 207 206 208 209 210 209 211 210 212 213 214 213 215 214 216 217 218 217 219 218 220 221 222 221 223 222 224 225 226 225 227 226 228 229 230 229 231 230 232 233 234 233 235 234 236 237 238 237 239 238 240 241 242 241 243 242 244 245 246 245 247 246 248 249 250 249 251 250 252 253 254 253 255 254 256 257 258 257 259 258 260 261 262 261 263 262 264 265 266 265 267 266 268 269 270 269 271 270 272 273 274 273 275 274 276 277 278 277 279 278 280 281 282 281 283 282 284 285 286 285 287 286 288 289 290 289 291 290 292 293 294 293 295 294 296 297 298 297 299 298 300 301 302 301 303 302 304 305 306 305 307 306 308 309 310 309 311 310 312 313 314 313 315 314 316 317 318 317 319 318 320 321 322 321 323 322 324 325 326 325 327 326 328 329 330 329 331 330 332 333 334 333 335 334 336 337 338 337 339 338 340 341 342 341 343 342 344 345 346 345 347 346 348 349 350 349 351 350 352 353 354 353 355 354 356 357 358 357 359 358 360 361 362 361 363 362 364 365 366 365 367 366 368 369 370 369 371 370 372 373 374 373 375 374 376 377 378 377 379 378 380 381 382 381 383 382 384 385 386 385 387 386 388 389 390 389 391 390 392 393 394 393 395 394 396 397 398 397 399 398 400 401 402 401 403 402 404 405 406 405 407 406 408 409 410 409 411 410 412 413 414 413 415 414 416 417 418 417 419 418 420 421 422 421 423 422 424 425 426 425 427 426 428 429 430 429 431 430 432 433 434 433 435 434 436 437 438 437 439 438 440 441 442 441 443 442 444 445 446 445 447 446 448 449 450 449 451 450 452 453 454 453 455 454 456 457 458 457 459 458 460 461 462 461 463 462 464 465 466 465 467 466 468 469 470 469 471 470 472 473 474 473 475 474 476 477 478 477 479 478 480 481 482 481 483 482 484 485 486 485 487 486 488 489 490 489 491 490 492 493 494 493 495 494 496 497 498 497 499 498 500 501 502 501 503 502 504 505 506 505 507 506 508 509 510 509 511 510 512 513 514 513 515 514 516 517 518 517 519 518 520 521 522 521 523 522 524 525 526 525 527 526 528 529 530 529 531 530 532 533 534 533 535 534 536 537 538 537 539 538 540 541 542 541 543 542 544 545 546 545 547 546 548 549 550 549 551 550 552 553 554 553 555 554 556 557 558 557 559 558 560 561 562 561 563 562 564 565 566 565 567 566 568 569 570 569 571 570 572 573 574 573 575 574 576 577 578 577 579 578 580 581 582 581 583 582 584 585 586 585 587 586 588 589 590 589 591 590 592 593 594 593 595 594 596 597 598 597 599 598 600 601 602 601 603 602 604 605 606 605 607 606 608 609 610 609 611 610 612 613 614 613 615 614 616 617 618 617 619 618 620 621 622 621 623 622 624 625 626 625 627 626 628 629 630 629 631 630 632 633 634 633 635 634 636 637 638 637 639 638 640 641 642 641 643 642 644 645 646 645 647 646 648 649 650 649 651 650 652 653 654 653 655 654 656 657 658 657 659 658 660 661 662 661 663 662 664 665 666 665 667 666 668 669 670 669 671 670 672 673 674 673 675 674 676 677 678 677 679 678 680 681 682 681 683 682 684 685 686 685 687 686 688 689 690 689 691 690 692 693 694 693 695 694 696 697 698 697 699 698 700 701 702 701 703 702 704 705 706 705 707 706 708 709 710 709 711 710 712 713 714 713 715 714 716 717 718 719 720 721 722 723 724 723 725 724 726 727 728 729 730 731 732 733 734 733 735 734 736 737 738 737 739 738 740 741 742 741 743 742 744 745 746 745 747 746 748 749 750 749 751 750 752 753 754 753 755 754 756 757 758 757 759 758 760 761 762 761 763 762 </p>
        </polylist>
      </mesh>
    </geometry>
    <geometry id="meshesQ0S-1" name="meshes[0]-1" >
      <mesh>
        <source id="meshesQ0S-1-positions" name="meshesQ0S-1-positions">
          <float_array id="meshesQ0S-1-positions-array" count="1080"> 0.0108465999 0.0203031991 -0.00581435999 0.00687321974 0.0242134985 -0.00422273995 0.0059095202 0.0185685009 -0.00331879989 0.00806005951 0.0156382006 -0.00783539005 0.0108465999 0.0203031991 -0.00581435999 0.0059095202 0.0185685009 -0.00331879989 0.00236455002 0.0166653991 -0.00749282958 0.00806005951 0.0156382006 -0.00783539005 0.0059095202 0.0185685009 -0.00331879989 0.00163104001 0.0219652001 -0.00526008988 0.00236455002 0.0166653991 -0.00749282958 0.0059095202 0.0185685009 -0.00331879989 0.00687321974 0.0242134985 -0.00422273995 0.00163104001 0.0219652001 -0.00526008988 0.0059095202 0.0185685009 -0.00331879989 0.00961935986 0.0247719008 -0.00929799024 0.0103528993 0.0194720998 -0.0115307001 0.00607438991 0.022868799 -0.0134720001 0.0103528993 0.0194720998 -0.0115307001 0.0051106899 0.0172238015 -0.0125681004 0.00607438991 0.022868799 -0.0134720001 0.0051106899 0.0172238015 -0.0125681004 0.00113733998 0.0211341009 -0.0109764999 0.00607438991 0.022868799 -0.0134720001 0.00113733998 0.0211341009 -0.0109764999 0.00392385013 0.0257991012 -0.00895543024 0.00607438991 0.022868799 -0.0134720001 0.00392385013 0.0257991012 -0.00895543024 0.00961935986 0.0247719008 -0.00929799024 0.00607438991 0.022868799 -0.0134720001 0.0108465999 0.0203031991 -0.00581435999 0.00961935986 0.0247719008 -0.00929799024 0.00687321974 0.0242134985 -0.00422273995 0.00806005951 0.0156382006 -0.00783539005 0.0103528993 0.0194720998 -0.0115307001 0.0108465999 0.0203031991 -0.00581435999 0.00236455002 0.0166653991 -0.00749282958 0.0051106899 0.0172238015 -0.0125681004 0.00806005951 0.0156382006 -0.00783539005 0.00163104001 0.0219652001 -0.00526008988 0.00113733998 0.0211341009 -0.0109764999 0.00236455002 0.0166653991 -0.00749282958 0.00687321974 0.0242134985 -0.00422273995 0.00392385013 0.0257991012 -0.00895543024 0.00163104001 0.0219652001 -0.00526008988 0.00961935986 0.0247719008 -0.00929799024 0.0108465999 0.0203031991 -0.00581435999 0.0103528993 0.0194720998 -0.0115307001 0.0103528993 0.0194720998 -0.0115307001 0.00806005951 0.0156382006 -0.00783539005 0.0051106899 0.0172238015 -0.0125681004 0.0051106899 0.0172238015 -0.0125681004 0.00236455002 0.0166653991 -0.00749282958 0.00113733998 0.0211341009 -0.0109764999 0.00113733998 0.0211341009 -0.0109764999 0.00163104001 0.0219652001 -0.00526008988 0.00392385013 0.0257991012 -0.00895543024 0.00392385013 0.0257991012 -0.00895543024 0.00687321974 0.0242134985 -0.00422273995 0.00961935986 0.0247719008 -0.00929799024 -0.00809040014 0.0215101 0.0057949801 -0.000851713994 0.0210368 0.00686486019 -0.00350263994 0.0254041012 0.00160498999 -0.00499437004 0.0149908001 0.00709147984 -0.000851713994 0.0210368 0.00686486019 -0.00809040014 0.0215101 0.0057949801 0.00150682998 0.0148556996 0.00370278 -0.000851713994 0.0210368 0.00686486019 -0.00499437004 0.0149908001 0.00709147984 0.00242877007 0.0212915 0.000311944983 -0.000851713994 0.0210368 0.00686486019 0.00150682998 0.0148556996 0.00370278 -0.00350263994 0.0254041012 0.00160498999 -0.000851713994 0.0210368 0.00686486019 0.00242877007 0.0212915 0.000311944983 -0.00928367022 0.0220573004 -0.00141917006 -0.00692512002 0.0158762001 -0.00458125025 -0.0102055995 0.0156215001 0.00197165995 -0.0102055995 0.0156215001 0.00197165995 -0.00692512002 0.0158762001 -0.00458125025 -0.00427418994 0.0115088997 0.000678615994 -0.00427418994 0.0115088997 0.000678615994 -0.00692512002 0.0158762001 -0.00458125025 0.000313567027 0.0154029997 -0.00351136993 0.000313567027 0.0154029997 -0.00351136993 -0.00692512002 0.0158762001 -0.00458125025 -0.00278246007 0.0219221991 -0.0048078699 -0.00278246007 0.0219221991 -0.0048078699 -0.00692512002 0.0158762001 -0.00458125025 -0.00928367022 0.0220573004 -0.00141917006 -0.00809040014 0.0215101 0.0057949801 -0.00350263994 0.0254041012 0.00160498999 -0.00928367022 0.0220573004 -0.00141917006 -0.00499437004 0.0149908001 0.00709147984 -0.00809040014 0.0215101 0.0057949801 -0.0102055995 0.0156215001 0.00197165995 0.00150682998 0.0148556996 0.00370278 -0.00499437004 0.0149908001 0.00709147984 -0.00427418994 0.0115088997 0.000678615994 0.00242877007 0.0212915 0.000311944983 0.00150682998 0.0148556996 0.00370278 0.000313567027 0.0154029997 -0.00351136993 -0.00350263994 0.0254041012 0.00160498999 0.00242877007 0.0212915 0.000311944983 -0.00278246007 0.0219221991 -0.0048078699 -0.00928367022 0.0220573004 -0.00141917006 -0.0102055995 0.0156215001 0.00197165995 -0.00809040014 0.0215101 0.0057949801 -0.0102055995 0.0156215001 0.00197165995 -0.00427418994 0.0115088997 0.000678615994 -0.00499437004 0.0149908001 0.00709147984 -0.00427418994 0.0115088997 0.000678615994 0.000313567027 0.0154029997 -0.00351136993 0.00150682998 0.0148556996 0.00370278 0.000313567027 0.0154029997 -0.00351136993 -0.00278246007 0.0219221991 -0.0048078699 0.00242877007 0.0212915 0.000311944983 -0.00278246007 0.0219221991 -0.0048078699 -0.00928367022 0.0220573004 -0.00141917006 -0.00350263994 0.0254041012 0.00160498999 -0.0120443003 0.0167222992 0.00665823976 -0.0108648995 0.0192721989 0.00291026989 -0.0140618999 0.0158715006 0.00251749996 -0.0127274999 0.0123079 0.00524886977 -0.0120443003 0.0167222992 0.00665823976 -0.0140618999 0.0158715006 0.00251749996 -0.0119702993 0.0121295005 0.000629857008 -0.0127274999 0.0123079 0.00524886977 -0.0140618999 0.0158715006 0.00251749996 -0.0108191008 0.0164337009 -0.000815480016 -0.0119702993 0.0121295005 0.000629857008 -0.0140618999 0.0158715006 0.00251749996 -0.0108648995 0.0192721989 0.00291026989 -0.0108191008 0.0164337009 -0.000815480016 -0.0140618999 0.0158715006 0.00251749996 -0.00755455997 0.0178104006 0.00588438986 -0.00870571006 0.0135062002 0.00732972007 -0.00546294032 0.0140684005 0.00399675034 -0.00870571006 0.0135062002 0.00732972007 -0.00865997002 0.0106676994 0.00360398018 -0.00546294032 0.0140684005 0.00399675034 -0.00865997002 0.0106676994 0.00360398018 -0.00748054963 0.0132176001 -0.000143997997 -0.00546294032 0.0140684005 0.00399675034 -0.00748054963 0.0132176001 -0.000143997997 -0.00679735979 0.0176320001 0.00126537005 -0.00546294032 0.0140684005 0.00399675034 -0.00679735979 0.0176320001 0.00126537005 -0.00755455997 0.0178104006 0.00588438986 -0.00546294032 0.0140684005 0.00399675034 -0.0120443003 0.0167222992 0.00665823976 -0.00755455997 0.0178104006 0.00588438986 -0.0108648995 0.0192721989 0.00291026989 -0.0127274999 0.0123079 0.00524886977 -0.00870571006 0.0135062002 0.00732972007 -0.0120443003 0.0167222992 0.00665823976 -0.0119702993 0.0121295005 0.000629857008 -0.00865997002 0.0106676994 0.00360398018 -0.0127274999 0.0123079 0.00524886977 -0.0108191008 0.0164337009 -0.000815480016 -0.00748054963 0.0132176001 -0.000143997997 -0.0119702993 0.0121295005 0.000629857008 -0.0108648995 0.0192721989 0.00291026989 -0.00679735979 0.0176320001 0.00126537005 -0.0108191008 0.0164337009 -0.000815480016 -0.00755455997 0.0178104006 0.00588438986 -0.0120443003 0.0167222992 0.00665823976 -0.00870571006 0.0135062002 0.00732972007 -0.00870571006 0.0135062002 0.00732972007 -0.0127274999 0.0123079 0.00524886977 -0.00865997002 0.0106676994 0.00360398018 -0.00865997002 0.0106676994 0.00360398018 -0.0119702993 0.0121295005 0.000629857008 -0.00748054963 0.0132176001 -0.000143997997 -0.00748054963 0.0132176001 -0.000143997997 -0.0108191008 0.0164337009 -0.000815480016 -0.00679735979 0.0176320001 0.00126537005 -0.00679735979 0.0176320001 0.00126537005 -0.0108648995 0.0192721989 0.00291026989 -0.00755455997 0.0178104006 0.00588438986 2.60677007e-05 0.0133493003 0.00117591 0.00176198001 0.0152722998 0.00218123011 0.00272726989 0.0132561997 0.000530264981 0.00136490003 0.0109144002 0.00114809 2.60677007e-05 0.0133493003 0.00117591 0.00272726989 0.0132561997 0.000530264981 0.00392825017 0.0113325007 0.00213620998 0.00136490003 0.0109144002 0.00114809 0.00272726989 0.0132561997 0.000530264981 0.00417365972 0.0140258996 0.00277471985 0.00392825017 0.0113325007 0.00213620998 0.00272726989 0.0132561997 0.000530264981 0.00176198001 0.0152722998 0.00218123011 0.00417365972 0.0140258996 0.00277471985 0.00272726989 0.0132561997 0.000530264981 -0.000196977009 0.0141765 0.00381940999 -0.000442384975 0.0114831002 0.00318090012 0.00100399996 0.0122528002 0.00542535027 -0.000442384975 0.0114831002 0.00318090012 0.00196929998 0.0102367001 0.00377439009 0.00100399996 0.0122528002 0.00542535027 0.00196929998 0.0102367001 0.00377439009 0.00370520004 0.0121597005 0.00477970997 0.00100399996 0.0122528002 0.00542535027 0.00370520004 0.0121597005 0.00477970997 0.00236637006 0.0145945996 0.00480752997 0.00100399996 0.0122528002 0.00542535027 0.00236637006 0.0145945996 0.00480752997 -0.000196977009 0.0141765 0.00381940999 0.00100399996 0.0122528002 0.00542535027 2.60677007e-05 0.0133493003 0.00117591 -0.000196977009 0.0141765 0.00381940999 0.00176198001 0.0152722998 0.00218123011 0.00136490003 0.0109144002 0.00114809 -0.000442384975 0.0114831002 0.00318090012 2.60677007e-05 0.0133493003 0.00117591 0.00392825017 0.0113325007 0.00213620998 0.00196929998 0.0102367001 0.00377439009 0.00136490003 0.0109144002 0.00114809 0.00417365972 0.0140258996 0.00277471985 0.00370520004 0.0121597005 0.00477970997 0.00392825017 0.0113325007 0.00213620998 0.00176198001 0.0152722998 0.00218123011 0.00236637006 0.0145945996 0.00480752997 0.00417365972 0.0140258996 0.00277471985 -0.000196977009 0.0141765 0.00381940999 2.60677007e-05 0.0133493003 0.00117591 -0.000442384975 0.0114831002 0.00318090012 -0.000442384975 0.0114831002 0.00318090012 0.00136490003 0.0109144002 0.00114809 0.00196929998 0.0102367001 0.00377439009 0.00196929998 0.0102367001 0.00377439009 0.00392825017 0.0113325007 0.00213620998 0.00370520004 0.0121597005 0.00477970997 0.00370520004 0.0121597005 0.00477970997 0.00417365972 0.0140258996 0.00277471985 0.00236637006 0.0145945996 0.00480752997 0.00236637006 0.0145945996 0.00480752997 0.00176198001 0.0152722998 0.00218123011 -0.000196977009 0.0141765 0.00381940999 0.0139191998 0.0113979001 -0.0109759001 0.0115689998 0.00936616957 -0.0126032 0.0116449008 0.0128143998 -0.0132389003 0.0122512998 0.00887660962 -0.00919810962 0.0115689998 0.00936616957 -0.0126032 0.0139191998 0.0113979001 -0.0109759001 0.00894604996 0.00873477012 -0.0103623001 0.0115689998 0.00936616957 -0.0126032 0.0122512998 0.00887660962 -0.00919810962 0.00857130997 0.0111683998 -0.0128597002 0.0115689998 0.00936616957 -0.0126032 0.00894604996 0.00873477012 -0.0103623001 0.0116449008 0.0128143998 -0.0132389003 0.0115689998 0.00936616957 -0.0126032 0.00857130997 0.0111683998 -0.0128597002 0.0123740993 0.0144559005 -0.0102266995 0.0097512193 0.0138245001 -0.00798579957 0.0127489008 0.0120222 -0.00772933988 0.0127489008 0.0120222 -0.00772933988 0.0097512193 0.0138245001 -0.00798579957 0.00967526995 0.0103762997 -0.00735010998 0.00967526995 0.0103762997 -0.00735010998 0.0097512193 0.0138245001 -0.00798579957 0.00740094995 0.0117926998 -0.00961307995 0.00740094995 0.0117926998 -0.00961307995 0.0097512193 0.0138245001 -0.00798579957 0.00906892959 0.0143141001 -0.0113908993 0.00906892959 0.0143141001 -0.0113908993 0.0097512193 0.0138245001 -0.00798579957 0.0123740993 0.0144559005 -0.0102266995 0.0139191998 0.0113979001 -0.0109759001 0.0116449008 0.0128143998 -0.0132389003 0.0123740993 0.0144559005 -0.0102266995 0.0122512998 0.00887660962 -0.00919810962 0.0139191998 0.0113979001 -0.0109759001 0.0127489008 0.0120222 -0.00772933988 0.00894604996 0.00873477012 -0.0103623001 0.0122512998 0.00887660962 -0.00919810962 0.00967526995 0.0103762997 -0.00735010998 0.00857130997 0.0111683998 -0.0128597002 0.00894604996 0.00873477012 -0.0103623001 0.00740094995 0.0117926998 -0.00961307995 0.0116449008 0.0128143998 -0.0132389003 0.00857130997 0.0111683998 -0.0128597002 0.00906892959 0.0143141001 -0.0113908993 0.0123740993 0.0144559005 -0.0102266995 0.0127489008 0.0120222 -0.00772933988 0.0139191998 0.0113979001 -0.0109759001 0.0127489008 0.0120222 -0.00772933988 0.00967526995 0.0103762997 -0.00735010998 0.0122512998 0.00887660962 -0.00919810962 0.00967526995 0.0103762997 -0.00735010998 0.00740094995 0.0117926998 -0.00961307995 0.00894604996 0.00873477012 -0.0103623001 0.00740094995 0.0117926998 -0.00961307995 0.00906892959 0.0143141001 -0.0113908993 0.00857130997 0.0111683998 -0.0128597002 0.00906892959 0.0143141001 -0.0113908993 0.0123740993 0.0144559005 -0.0102266995 0.0116449008 0.0128143998 -0.0132389003 0.00200383994 0.0214118008 -0.00455280999 0.00454962999 0.0226688012 -0.00218035001 0.00304216007 0.019327499 -0.00167745992 -0.000529795012 0.0195310004 -0.00262064999 0.00200383994 0.0214118008 -0.00455280999 0.00304216007 0.019327499 -0.00167745992 0.000450123014 0.0196256991 0.000945955981 -0.000529795012 0.0195310004 -0.00262064999 0.00304216007 0.019327499 -0.00167745992 0.00358938007 0.0215650015 0.00121808005 0.000450123014 0.0196256991 0.000945955981 0.00304216007 0.019327499 -0.00167745992 0.00454962999 0.0226688012 -0.00218035001 0.00358938007 0.0215650015 0.00121808005 0.00304216007 0.019327499 -0.00167745992 0.00190933002 0.0249374006 -0.00343434 -0.00122992008 0.0229981001 -0.00370645989 -0.000682709971 0.0252355002 -0.000810925034 -0.00122992008 0.0229981001 -0.00370645989 -0.00219017011 0.0218941998 -0.000308035989 -0.000682709971 0.0252355002 -0.000810925034 -0.00219017011 0.0218941998 -0.000308035989 0.000355616998 0.0231513008 0.00206442992 -0.000682709971 0.0252355002 -0.000810925034 0.000355616998 0.0231513008 0.00206442992 0.00288924994 0.0250321012 0.000132265995 -0.000682709971 0.0252355002 -0.000810925034 0.00288924994 0.0250321012 0.000132265995 0.00190933002 0.0249374006 -0.00343434 -0.000682709971 0.0252355002 -0.000810925034 0.00200383994 0.0214118008 -0.00455280999 0.00190933002 0.0249374006 -0.00343434 0.00454962999 0.0226688012 -0.00218035001 -0.000529795012 0.0195310004 -0.00262064999 -0.00122992008 0.0229981001 -0.00370645989 0.00200383994 0.0214118008 -0.00455280999 0.000450123014 0.0196256991 0.000945955981 -0.00219017011 0.0218941998 -0.000308035989 -0.000529795012 0.0195310004 -0.00262064999 0.00358938007 0.0215650015 0.00121808005 0.000355616998 0.0231513008 0.00206442992 0.000450123014 0.0196256991 0.000945955981 0.00454962999 0.0226688012 -0.00218035001 0.00288924994 0.0250321012 0.000132265995 0.00358938007 0.0215650015 0.00121808005 0.00190933002 0.0249374006 -0.00343434 0.00200383994 0.0214118008 -0.00455280999 -0.00122992008 0.0229981001 -0.00370645989 -0.00122992008 0.0229981001 -0.00370645989 -0.000529795012 0.0195310004 -0.00262064999 -0.00219017011 0.0218941998 -0.000308035989 -0.00219017011 0.0218941998 -0.000308035989 0.000450123014 0.0196256991 0.000945955981 0.000355616998 0.0231513008 0.00206442992 0.000355616998 0.0231513008 0.00206442992 0.00358938007 0.0215650015 0.00121808005 0.00288924994 0.0250321012 0.000132265995 0.00288924994 0.0250321012 0.000132265995 0.00454962999 0.0226688012 -0.00218035001 0.00190933002 0.0249374006 -0.00343434 </float_array>
          <technique_common>
            <accessor count="360" offset="0" source="#meshesQ0S-1-positions-array" stride="3">
              <param name="X" type="float" />
              <param name="Y" type="float" />
              <param name="Z" type="float" />
            </accessor>
          </technique_common>
        </source>
        <source id="meshesQ0S-1-normals" name="meshesQ0S-1-normals">
          <float_array id="meshesQ0S-1-normals-array" count="1080"> 0.430094987 0.0706944987 0.900011003 0.430094987 0.0706944987 0.900011003 0.430094987 0.0706944987 0.900011003 0.520385981 -0.581685007 0.625172973 0.520385981 -0.581685007 0.625172973 0.520385981 -0.581685007 0.625172973 -0.124898002 -0.858437002 0.497480989 -0.124898002 -0.858437002 0.497480989 -0.124898002 -0.858437002 0.497480989 -0.613996029 -0.377099007 0.693400979 -0.613996029 -0.377099007 0.693400979 -0.613996029 -0.377099007 0.693400979 -0.270992011 0.197136 0.942179024 -0.270992011 0.197136 0.942179024 -0.270992011 0.197136 0.942179024 0.613996029 0.377099007 -0.693400979 0.613996029 0.377099007 -0.693400979 0.613996029 0.377099007 -0.693400979 0.270992011 -0.197136 -0.942179024 0.270992011 -0.197136 -0.942179024 0.270992011 -0.197136 -0.942179024 -0.430094987 -0.0706944987 -0.900011003 -0.430094987 -0.0706944987 -0.900011003 -0.430094987 -0.0706944987 -0.900011003 -0.520385981 0.581685007 -0.625172973 -0.520385981 0.581685007 -0.625172973 -0.520385981 0.581685007 -0.625172973 0.124898002 0.858437002 -0.497480989 0.124898002 0.858437002 -0.497480989 0.124898002 0.858437002 -0.497480989 0.712328017 0.542626977 0.445134997 0.712328017 0.542626977 0.445134997 0.712328017 0.542626977 0.445134997 0.858421028 -0.512944996 0.00043663301 0.858421028 -0.512944996 0.00043663301 0.858421028 -0.512944996 0.00043663301 -0.185670003 -0.960739017 -0.206173003 -0.185670003 -0.960739017 -0.206173003 -0.185670003 -0.960739017 -0.206173003 -0.97704798 -0.181917995 0.110832997 -0.97704798 -0.181917995 0.110832997 -0.97704798 -0.181917995 0.110832997 -0.422055006 0.747213006 0.513363004 -0.422055006 0.747213006 0.513363004 -0.422055006 0.747213006 0.513363004 0.97704798 0.181917995 -0.110832997 0.97704798 0.181917995 -0.110832997 0.97704798 0.181917995 -0.110832997 0.422055006 -0.747213006 -0.513364017 0.422055006 -0.747213006 -0.513364017 0.422055006 -0.747213006 -0.513364017 -0.712328017 -0.542626977 -0.445134997 -0.712328017 -0.542626977 -0.445134997 -0.712328017 -0.542626977 -0.445134997 -0.858421028 0.512944996 -0.000436642003 -0.858421028 0.512944996 -0.000436642003 -0.858421028 0.512944996 -0.000436642003 0.185670003 0.960739017 0.206173003 0.185670003 0.960739017 0.206173003 0.185670003 0.960739017 0.206173003 -0.0468872003 0.756775975 0.65199101 -0.0468872003 0.756775975 0.65199101 -0.0468872003 0.756775975 0.65199101 -0.136614993 0.130413994 0.98200202 -0.136614993 0.130413994 0.98200202 -0.136614993 0.130413994 0.98200202 0.440658003 -0.269843996 0.856157005 0.440658003 -0.269843996 0.856157005 0.440658003 -0.269843996 0.856157005 0.887160003 0.109145001 0.448368013 0.887160003 0.109145001 0.448368013 0.887160003 0.109145001 0.448368013 0.585841 0.743631005 0.322187006 0.585841 0.743631005 0.322187006 0.585841 0.743631005 0.322187006 -0.887160003 -0.109145001 -0.448368013 -0.887160003 -0.109145001 -0.448368013 -0.887160003 -0.109145001 -0.448368013 -0.585841 -0.743631005 -0.322187006 -0.585841 -0.743631005 -0.322187006 -0.585841 -0.743631005 -0.322187006 0.0468870997 -0.756775975 -0.65199101 0.0468870997 -0.756775975 -0.65199101 0.0468870997 -0.756775975 -0.65199101 0.136614993 -0.130413994 -0.98200202 0.136614993 -0.130413994 -0.98200202 0.136614993 -0.130413994 -0.98200202 -0.440658003 0.269843996 -0.856157005 -0.440658003 0.269843996 -0.856157005 -0.440658003 0.269843996 -0.856157005 -0.554068983 0.818157971 0.153705999 -0.554068983 0.818157971 0.153705999 -0.554068983 0.818157971 0.153705999 -0.699250996 -0.195317 0.687677026 -0.699250996 -0.195317 0.687677026 -0.699250996 -0.195317 0.687677026 0.234797001 -0.84294802 0.484053999 0.234797001 -0.84294802 0.484053999 0.234797001 -0.84294802 0.484053999 0.957252026 -0.229732007 -0.175761998 0.957252026 -0.229732007 -0.175761998 0.957252026 -0.229732007 -0.175761998 0.469705999 0.796887994 -0.379927993 0.469705999 0.796887994 -0.379927993 0.469705999 0.796887994 -0.379927993 -0.957252026 0.229732007 0.175761998 -0.957252026 0.229732007 0.175761998 -0.957252026 0.229732007 0.175761998 -0.469705999 -0.796887994 0.379927993 -0.469705999 -0.796887994 0.379927993 -0.469705999 -0.796887994 0.379927993 0.554068983 -0.818157971 -0.153705999 0.554068983 -0.818157971 -0.153705999 0.554068983 -0.818157971 -0.153705999 0.699250996 0.195317 -0.687677026 0.699250996 0.195317 -0.687677026 0.699250996 0.195317 -0.687677026 -0.234796003 0.84294802 -0.484055012 -0.234796003 0.84294802 -0.484055012 -0.234796003 0.84294802 -0.484055012 -0.723514974 0.654999971 0.217949003 -0.723514974 0.654999971 0.217949003 -0.723514974 0.654999971 0.217949003 -0.898899019 -0.000772605999 0.438154012 -0.898899019 -0.000772605999 0.438154012 -0.898899019 -0.000772605999 0.438154012 -0.891929984 -0.433236986 -0.129484996 -0.891929984 -0.433236986 -0.129484996 -0.891929984 -0.433236986 -0.129484996 -0.712238014 -0.0447417013 -0.700510025 -0.712238014 -0.0447417013 -0.700510025 -0.712238014 -0.0447417013 -0.700510025 -0.608151972 0.627825022 -0.485785007 -0.608151972 0.627825022 -0.485785007 -0.608151972 0.627825022 -0.485785007 0.712238014 0.0447416008 0.700510025 0.712238014 0.0447416008 0.700510025 0.712238014 0.0447416008 0.700510025 0.608151972 -0.627825022 0.485785007 0.608151972 -0.627825022 0.485785007 0.608151972 -0.627825022 0.485785007 0.723514974 -0.654999971 -0.217949003 0.723514974 -0.654999971 -0.217949003 0.723514974 -0.654999971 -0.217949003 0.898899972 0.000772473984 -0.438154012 0.898899972 0.000772473984 -0.438154012 0.898899972 0.000772473984 -0.438154012 0.891929984 0.433236986 0.129484996 0.891929984 0.433236986 0.129484996 0.891929984 0.433236986 0.129484996 -0.110776 0.837571979 0.534978986 -0.110776 0.837571979 0.534978986 -0.110776 0.837571979 0.534978986 -0.394555002 -0.223490998 0.891278982 -0.394555002 -0.223490998 0.891278982 -0.394555002 -0.223490998 0.891278982 -0.383278996 -0.923232019 -0.0271805003 -0.383278996 -0.923232019 -0.0271805003 -0.383278996 -0.923232019 -0.0271805003 -0.0925313011 -0.294634998 -0.951120019 -0.0925313011 -0.294634998 -0.951120019 -0.0925313011 -0.294634998 -0.951120019 0.0758844987 0.79360199 -0.603685975 0.0758844987 0.79360199 -0.603685975 0.0758844987 0.79360199 -0.603685975 0.0925313011 0.294634998 0.951120019 0.0925313011 0.294634998 0.951120019 0.0925313011 0.294634998 0.951120019 -0.0758844987 -0.79360199 0.603685975 -0.0758844987 -0.79360199 0.603685975 -0.0758844987 -0.79360199 0.603685975 0.110776 -0.837571979 -0.534978986 0.110776 -0.837571979 -0.534978986 0.110776 -0.837571979 -0.534978986 0.394555002 0.223490998 -0.891278982 0.394555002 0.223490998 -0.891278982 0.394555002 0.223490998 -0.891278982 0.383278996 0.923232019 0.0271805003 0.383278996 0.923232019 0.0271805003 0.383278996 0.923232019 0.0271805003 -0.171670005 0.573661983 -0.800899982 -0.171670005 0.573661983 -0.800899982 -0.171670005 0.573661983 -0.800899982 -0.234693006 -0.118022002 -0.964878023 -0.234693006 -0.118022002 -0.964878023 -0.234693006 -0.118022002 -0.964878023 0.384656996 -0.438118994 -0.812460005 0.384656996 -0.438118994 -0.812460005 0.384656996 -0.438118994 -0.812460005 0.830460012 0.0557354987 -0.554283023 0.830460012 0.0557354987 -0.554283023 0.830460012 0.0557354987 -0.554283023 0.486631989 0.681050003 -0.547138989 0.486631989 0.681050003 -0.547138989 0.486631989 0.681050003 -0.547138989 -0.830460012 -0.0557354987 0.554283023 -0.830460012 -0.0557354987 0.554283023 -0.830460012 -0.0557354987 0.554283023 -0.486631989 -0.681050003 0.547138989 -0.486631989 -0.681050003 0.547138989 -0.486631989 -0.681050003 0.547138989 0.171670005 -0.573661983 0.800899982 0.171670005 -0.573661983 0.800899982 0.171670005 -0.573661983 0.800899982 0.234693006 0.118022002 0.964878023 0.234693006 0.118022002 0.964878023 0.234693006 0.118022002 0.964878023 -0.384656996 0.438118994 0.812460005 -0.384656996 0.438118994 0.812460005 -0.384656996 0.438118994 0.812460005 -0.635803998 0.719718993 -0.278851002 -0.635803998 0.719718993 -0.278851002 -0.635803998 0.719718993 -0.278851002 -0.737778008 -0.399448991 -0.544171989 -0.737778008 -0.399448991 -0.544171989 -0.737778008 -0.399448991 -0.544171989 0.264351994 -0.917375982 -0.297555 0.264351994 -0.917375982 -0.297555 0.264351994 -0.917375982 -0.297555 0.985677004 -0.118303999 0.120185003 0.985677004 -0.118303999 0.120185003 0.985677004 -0.118303999 0.120185003 0.429351002 0.893477023 0.131743997 0.429351002 0.893477023 0.131743997 0.429351002 0.893477023 0.131743997 -0.985677004 0.118303999 -0.120185003 -0.985677004 0.118303999 -0.120185003 -0.985677004 0.118303999 -0.120185003 -0.429351002 -0.893477023 -0.131743997 -0.429351002 -0.893477023 -0.131743997 -0.429351002 -0.893477023 -0.131743997 0.635803998 -0.719718993 0.278851002 0.635803998 -0.719718993 0.278851002 0.635803998 -0.719718993 0.278851002 0.737778008 0.399448991 0.544171989 0.737778008 0.399448991 0.544171989 0.737778008 0.399448991 0.544171989 -0.264351994 0.917375982 0.297555 -0.264351994 0.917375982 0.297555 -0.264351994 0.917375982 0.297555 0.648023009 -0.151860997 -0.746326983 0.648023009 -0.151860997 -0.746326983 0.648023009 -0.151860997 -0.746326983 0.72427702 -0.647072971 -0.238157004 0.72427702 -0.647072971 -0.238157004 0.72427702 -0.647072971 -0.238157004 0.0988479033 -0.98199302 -0.16099 0.0988479033 -0.98199302 -0.16099 0.0988479033 -0.98199302 -0.16099 -0.363943011 -0.693772972 -0.621469975 -0.363943011 -0.693772972 -0.621469975 -0.363943011 -0.693772972 -0.621469975 -0.0245341994 -0.180722997 -0.983228028 -0.0245341994 -0.180722997 -0.983228028 -0.0245341994 -0.180722997 -0.983228028 0.363943011 0.693772972 0.621469975 0.363943011 0.693772972 0.621469975 0.363943011 0.693772972 0.621469975 0.0245344006 0.180722997 0.983228028 0.0245344006 0.180722997 0.983228028 0.0245344006 0.180722997 0.983228028 -0.648023009 0.151860997 0.746326983 -0.648023009 0.151860997 0.746326983 -0.648023009 0.151860997 0.746326983 -0.72427702 0.647072971 0.238157004 -0.72427702 0.647072971 0.238157004 -0.72427702 0.647072971 0.238157004 -0.0988479033 0.98199302 0.16099 -0.0988479033 0.98199302 0.16099 -0.0988479033 0.98199302 0.16099 0.749279976 0.488225013 -0.447454005 0.749279976 0.488225013 -0.447454005 0.749279976 0.488225013 -0.447454005 0.872662008 -0.313044995 0.374783993 0.872662008 -0.313044995 0.374783993 0.872662008 -0.313044995 0.374783993 -0.139303997 -0.854957998 0.499641001 -0.139303997 -0.854957998 0.499641001 -0.139303997 -0.854957998 0.499641001 -0.888114989 -0.388606995 -0.245429993 -0.888114989 -0.388606995 -0.245429993 -0.888114989 -0.388606995 -0.245429993 -0.338939995 0.441525012 -0.830767989 -0.338939995 0.441525012 -0.830767989 -0.338939995 0.441525012 -0.830767989 0.888114989 0.388606995 0.245429993 0.888114989 0.388606995 0.245429993 0.888114989 0.388606995 0.245429993 0.338939995 -0.441525012 0.830767989 0.338939995 -0.441525012 0.830767989 0.338939995 -0.441525012 0.830767989 -0.749279976 -0.488225013 0.447454005 -0.749279976 -0.488225013 0.447454005 -0.749279976 -0.488225013 0.447454005 -0.872662008 0.313044995 -0.374783993 -0.872662008 0.313044995 -0.374783993 -0.872662008 0.313044995 -0.374783993 0.139303997 0.854957998 -0.499642015 0.139303997 0.854957998 -0.499642015 0.139303997 0.854957998 -0.499642015 0.721957982 -0.409644008 -0.557645977 0.721957982 -0.409644008 -0.557645977 0.721957982 -0.409644008 -0.557645977 0.116466001 -0.783693016 -0.610131979 0.116466001 -0.783693016 -0.610131979 0.116466001 -0.783693016 -0.610131979 -0.0687441975 -0.996603012 0.0453483984 -0.0687441975 -0.996603012 0.0453483984 -0.0687441975 -0.996603012 0.0453483984 0.422280997 -0.754140019 0.502942979 0.422280997 -0.754140019 0.502942979 0.422280997 -0.754140019 0.502942979 0.910961986 -0.391378999 0.130272001 0.910961986 -0.391378999 0.130272001 0.910961986 -0.391378999 0.130272001 -0.422280997 0.754140019 -0.502942979 -0.422280997 0.754140019 -0.502942979 -0.422280997 0.754140019 -0.502942979 -0.910961986 0.391378999 -0.130272001 -0.910961986 0.391378999 -0.130272001 -0.910961986 0.391378999 -0.130272001 -0.721957982 0.409644008 0.557645977 -0.721957982 0.409644008 0.557645977 -0.721957982 0.409644008 0.557645977 -0.116466001 0.783693016 0.610131979 -0.116466001 0.783693016 0.610131979 -0.116466001 0.783693016 0.610131979 0.0687441975 0.996603012 -0.0453483984 0.0687441975 0.996603012 -0.0453483984 0.0687441975 0.996603012 -0.0453483984 0.58691901 0.259081006 -0.767075002 0.58691901 0.259081006 -0.767075002 0.58691901 0.259081006 -0.767075002 -0.392787993 -0.346143991 -0.851998985 -0.392787993 -0.346143991 -0.851998985 -0.392787993 -0.346143991 -0.851998985 -0.692463994 -0.690639973 0.208590001 -0.692463994 -0.690639973 0.208590001 -0.692463994 -0.690639973 0.208590001 0.102031998 -0.298325986 0.948994994 0.102031998 -0.298325986 0.948994994 0.102031998 -0.298325986 0.948994994 0.892733991 0.288634002 0.346000999 0.892733991 0.288634002 0.346000999 0.892733991 0.288634002 0.346000999 -0.102031998 0.298325986 -0.948994994 -0.102031998 0.298325986 -0.948994994 -0.102031998 0.298325986 -0.948994994 -0.892733991 -0.288634002 -0.346000999 -0.892733991 -0.288634002 -0.346000999 -0.892733991 -0.288634002 -0.346000999 -0.58691901 -0.259081006 0.767075002 -0.58691901 -0.259081006 0.767075002 -0.58691901 -0.259081006 0.767075002 0.392787993 0.346143991 0.851998985 0.392787993 0.346143991 0.851998985 0.392787993 0.346143991 0.851998985 0.692463994 0.690639973 -0.208590001 0.692463994 0.690639973 -0.208590001 0.692463994 0.690639973 -0.208590001 </float_array>
          <technique_common>
            <accessor count="360" offset="0" source="#meshesQ0S-1-normals-array" stride="3">
              <param name="X" type="float" />
              <param name="Y" type="float" />
              <param name="Z" type="float" />
            </accessor>
          </technique_common>
        </source>
        <source id="meshesQ0S-1-tex0" name="meshesQ0S-1-tex0">
          <float_array id="meshesQ0S-1-tex0-array" count="720"> 0.0884225965 0.153774977 0.00999999978 0.153774977 0.0492114015 0.00999999046 0.166844994 0.153774977 0.0884225965 0.153774977 0.127634004 0.00999999046 0.245268002 0.153774977 0.166844994 0.153774977 0.206056997 0.00999999046 0.32369101 0.153774977 0.245268002 0.153774977 0.284480006 0.00999999046 0.402114004 0.153774977 0.32369101 0.153774977 0.362901986 0.00999999046 0.0492114015 0.297550023 0.127634004 0.297550023 0.0884225965 0.441325009 0.127634004 0.297550023 0.206056997 0.297550023 0.166844994 0.441325009 0.206056997 0.297550023 0.284480006 0.297550023 0.245268002 0.441325009 0.284480006 0.297550023 0.362901986 0.297550023 0.32369101 0.441325009 0.362901986 0.297550023 0.441325009 0.297550023 0.402114004 0.441325009 0.0884225965 0.153774977 0.0492114015 0.297550023 0.00999999978 0.153774977 0.166844994 0.153774977 0.127634004 0.297550023 0.0884225965 0.153774977 0.245268002 0.153774977 0.206056997 0.297550023 0.166844994 0.153774977 0.32369101 0.153774977 0.284480006 0.297550023 0.245268002 0.153774977 0.402114004 0.153774977 0.362901986 0.297550023 0.32369101 0.153774977 0.0492114015 0.297550023 0.0884225965 0.153774977 0.127634004 0.297550023 0.127634004 0.297550023 0.166844994 0.153774977 0.206056997 0.297550023 0.206056997 0.297550023 0.245268002 0.153774977 0.284480006 0.297550023 0.284480006 0.297550023 0.32369101 0.153774977 0.362901986 0.297550023 0.362901986 0.297550023 0.402114004 0.153774977 0.441325009 0.297550023 0.109187998 0.626311004 0.059593901 0.444467008 0.00999999978 0.626311004 0.208375007 0.626311004 0.158782005 0.444467008 0.109187998 0.626311004 0.30756399 0.626311004 0.257968992 0.444467008 0.208375007 0.626311004 0.406751007 0.626311004 0.357156992 0.444467008 0.30756399 0.626311004 0.505939007 0.626311004 0.456344992 0.444467008 0.406751007 0.626311004 0.059593901 0.808156013 0.109187998 0.99000001 0.158782005 0.808156013 0.158782005 0.808156013 0.208375007 0.99000001 0.257968992 0.808156013 0.257968992 0.808156013 0.30756399 0.99000001 0.357156992 0.808156013 0.357156992 0.808156013 0.406751007 0.99000001 0.456344992 0.808156013 0.456344992 0.808156013 0.505939007 0.99000001 0.555532992 0.808156013 0.109187998 0.626311004 0.00999999978 0.626311004 0.059593901 0.808156013 0.208375007 0.626311004 0.109187998 0.626311004 0.158782005 0.808156013 0.30756399 0.626311004 0.208375007 0.626311004 0.257968992 0.808156013 0.406751007 0.626311004 0.30756399 0.626311004 0.357156992 0.808156013 0.505939007 0.626311004 0.406751007 0.626311004 0.456344992 0.808156013 0.059593901 0.808156013 0.158782005 0.808156013 0.109187998 0.626311004 0.158782005 0.808156013 0.257968992 0.808156013 0.208375007 0.626311004 0.257968992 0.808156013 0.357156992 0.808156013 0.30756399 0.626311004 0.357156992 0.808156013 0.456344992 0.808156013 0.406751007 0.626311004 0.456344992 0.808156013 0.555532992 0.808156013 0.505939007 0.626311004 0.464197993 0.127826989 0.400837004 0.127826989 0.432518005 0.0116659999 0.527558982 0.127826989 0.464197993 0.127826989 0.495878011 0.0116659999 0.590919971 0.127826989 0.527558982 0.127826989 0.55923897 0.0116659999 0.65428102 0.127826989 0.590919971 0.127826989 0.622600973 0.0116659999 0.717642009 0.127826989 0.65428102 0.127826989 0.685962021 0.0116659999 0.432518005 0.243988991 0.495878011 0.243988991 0.464197993 0.360150993 0.495878011 0.243988991 0.55923897 0.243988991 0.527558982 0.360150993 0.55923897 0.243988991 0.622600973 0.243988991 0.590919971 0.360150993 0.622600973 0.243988991 0.685962021 0.243988991 0.65428102 0.360150993 0.685962021 0.243988991 0.74932301 0.243988991 0.717642009 0.360150993 0.464197993 0.127826989 0.432518005 0.243988991 0.400837004 0.127826989 0.527558982 0.127826989 0.495878011 0.243988991 0.464197993 0.127826989 0.590919971 0.127826989 0.55923897 0.243988991 0.527558982 0.127826989 0.65428102 0.127826989 0.622600973 0.243988991 0.590919971 0.127826989 0.717642009 0.127826989 0.685962021 0.243988991 0.65428102 0.127826989 0.432518005 0.243988991 0.464197993 0.127826989 0.495878011 0.243988991 0.495878011 0.243988991 0.527558982 0.127826989 0.55923897 0.243988991 0.55923897 0.243988991 0.590919971 0.127826989 0.622600973 0.243988991 0.622600973 0.243988991 0.65428102 0.127826989 0.685962021 0.243988991 0.685962021 0.243988991 0.717642009 0.127826989 0.74932301 0.243988991 0.748090029 0.416239023 0.710500002 0.416239023 0.729295015 0.347325027 0.785678983 0.416239023 0.748090029 0.416239023 0.766884029 0.347325027 0.823267996 0.416239023 0.785678983 0.416239023 0.804472983 0.347325027 0.860858023 0.416239023 0.823267996 0.416239023 0.84206301 0.347325027 0.898446977 0.416239023 0.860858023 0.416239023 0.879652023 0.347325027 0.729295015 0.485153019 0.766884029 0.485153019 0.748090029 0.554066002 0.766884029 0.485153019 0.804472983 0.485153019 0.785678983 0.554066002 0.804472983 0.485153019 0.84206301 0.485153019 0.823267996 0.554066002 0.84206301 0.485153019 0.879652023 0.485153019 0.860858023 0.554066002 0.879652023 0.485153019 0.917240977 0.485153019 0.898446977 0.554066002 0.748090029 0.416239023 0.729295015 0.485153019 0.710500002 0.416239023 0.785678983 0.416239023 0.766884029 0.485153019 0.748090029 0.416239023 0.823267996 0.416239023 0.804472983 0.485153019 0.785678983 0.416239023 0.860858023 0.416239023 0.84206301 0.485153019 0.823267996 0.416239023 0.898446977 0.416239023 0.879652023 0.485153019 0.860858023 0.416239023 0.729295015 0.485153019 0.748090029 0.416239023 0.766884029 0.485153019 0.766884029 0.485153019 0.785678983 0.416239023 0.804472983 0.485153019 0.804472983 0.485153019 0.823267996 0.416239023 0.84206301 0.485153019 0.84206301 0.485153019 0.860858023 0.416239023 0.879652023 0.485153019 0.879652023 0.485153019 0.898446977 0.416239023 0.917240977 0.485153019 0.588077009 0.731871009 0.564356983 0.644896984 0.540636003 0.731871009 0.635517001 0.731871009 0.611796975 0.644896984 0.588077009 0.731871009 0.682958007 0.731871009 0.659237981 0.644896984 0.635517001 0.731871009 0.730399013 0.731871009 0.706677973 0.644896984 0.682958007 0.731871009 0.777839005 0.731871009 0.754118979 0.644896984 0.730399013 0.731871009 0.564356983 0.818845034 0.588077009 0.905819714 0.611796975 0.818845034 0.611796975 0.818845034 0.635517001 0.905819714 0.659237981 0.818845034 0.659237981 0.818845034 0.682958007 0.905819714 0.706677973 0.818845034 0.706677973 0.818845034 0.730399013 0.905819714 0.754118979 0.818845034 0.754118979 0.818845034 0.777839005 0.905819714 0.801558971 0.818845034 0.588077009 0.731871009 0.540636003 0.731871009 0.564356983 0.818845034 0.635517001 0.731871009 0.588077009 0.731871009 0.611796975 0.818845034 0.682958007 0.731871009 0.635517001 0.731871009 0.659237981 0.818845034 0.730399013 0.731871009 0.682958007 0.731871009 0.706677973 0.818845034 0.777839005 0.731871009 0.730399013 0.731871009 0.754118979 0.818845034 0.564356983 0.818845034 0.611796975 0.818845034 0.588077009 0.731871009 0.611796975 0.818845034 0.659237981 0.818845034 0.635517001 0.731871009 0.659237981 0.818845034 0.706677973 0.818845034 0.682958007 0.731871009 0.706677973 0.818845034 0.754118979 0.818845034 0.730399013 0.731871009 0.754118979 0.818845034 0.801558971 0.818845034 0.777839005 0.731871009 0.515524983 0.456234992 0.465474993 0.456234992 0.490500003 0.364477992 0.56557399 0.456234992 0.515524983 0.456234992 0.540549994 0.364477992 0.615624011 0.456234992 0.56557399 0.456234992 0.590599 0.364477992 0.665673018 0.456234992 0.615624011 0.456234992 0.640649021 0.364477992 0.715722978 0.456234992 0.665673018 0.456234992 0.690698028 0.364477992 0.490500003 0.547993004 0.540549994 0.547993004 0.515524983 0.639750004 0.540549994 0.547993004 0.590599 0.547993004 0.56557399 0.639750004 0.590599 0.547993004 0.640649021 0.547993004 0.615624011 0.639750004 0.640649021 0.547993004 0.690698028 0.547993004 0.665673018 0.639750004 0.690698028 0.547993004 0.740747988 0.547993004 0.715722978 0.639750004 0.515524983 0.456234992 0.490500003 0.547993004 0.465474993 0.456234992 0.56557399 0.456234992 0.540549994 0.547993004 0.515524983 0.456234992 0.615624011 0.456234992 0.590599 0.547993004 0.56557399 0.456234992 0.665673018 0.456234992 0.640649021 0.547993004 0.615624011 0.456234992 0.715722978 0.456234992 0.690698028 0.547993004 0.665673018 0.456234992 0.490500003 0.547993004 0.515524983 0.456234992 0.540549994 0.547993004 0.540549994 0.547993004 0.56557399 0.456234992 0.590599 0.547993004 0.590599 0.547993004 0.615624011 0.456234992 0.640649021 0.547993004 0.640649021 0.547993004 0.665673018 0.456234992 0.690698028 0.547993004 0.690698028 0.547993004 0.715722978 0.456234992 0.740747988 0.547993004 </float_array>
          <technique_common>
            <accessor count="360" offset="0" source="#meshesQ0S-1-tex0-array" stride="2">
              <param name="S" type="float" />
              <param name="T" type="float" />
            </accessor>
          </technique_common>
        </source>
        <vertices id="meshesQ0S-1-vertices">
          <input semantic="POSITION" source="#meshesQ0S-1-positions" />
        </vertices>
        <polylist count="120" material="defaultMaterial">
          <input offset="0" semantic="VERTEX" source="#meshesQ0S-1-vertices" />
          <input offset="0" semantic="NORMAL" source="#meshesQ0S-1-normals" />
          <input offset="0" semantic="TEXCOORD" source="#meshesQ0S-1-tex0" set="0" />
          <vcount>3 3 3 3 3 3 3 3 3 3 3 3 3 3 3 3 3 3 3 3 3 3 3 3 3 3 3 3 3 3 3 3 3 3 3 3 3 3 3 3 3 3 3 3 3 3 3 3 3 3 3 3 3 3 3 3 3 3 3 3 3 3 3 3 3 3 3 3 3 3 3 3 3 3 3 3 3 3 3 3 3 3 3 3 3 3 3 3 3 3 3 3 3 3 3 3 3 3 3 3 3 3 3 3 3 3 3 3 3 3 3 3 3 3 3 3 3 3 3 3 </vcount>
          <p>0 1 2 3 4 5 6 7 8 9 10 11 12 13 14 15 16 17 18 19 20 21 22 23 24 25 26 27 28 29 30 31 32 33 34 35 36 37 38 39 40 41 42 43 44 45 46 47 48 49 50 51 52 53 54 55 56 57 58 59 60 61 62 63 64 65 66 67 68 69 70 71 72 73 74 75 76 77 78 79 80 81 82 83 84 85 86 87 88 89 90 91 92 93 94 95 96 97 98 99 100 101 102 103 104 105 106 107 108 109 110 111 112 113 114 115 116 117 118 119 120 121 122 123 124 125 126 127 128 129 130 131 132 133 134 135 136 137 138 139 140 141 142 143 144 145 146 147 148 149 150 151 152 153 154 155 156 157 158 159 160 161 162 163 164 165 166 167 168 169 170 171 172 173 174 175 176 177 178 179 180 181 182 183 184 185 186 187 188 189 190 191 192 193 194 195 196 197 198 199 200 201 202 203 204 205 206 207 208 209 210 211 212 213 214 215 216 217 218 219 220 221 222 223 224 225 226 227 228 229 230 231 232 233 234 235 236 237 238 239 240 241 242 243 244 245 246 247 248 249 250 251 252 253 254 255 256 257 258 259 260 261 262 263 264 265 266 267 268 269 270 271 272 273 274 275 276 277 278 279 280 281 282 283 284 285 286 287 288 289 290 291 292 293 294 295 296 297 298 299 300 301 302 303 304 305 306 307 308 309 310 311 312 313 314 315 316 317 318 319 320 321 322 323 324 325 326 327 328 329 330 331 332 333 334 335 336 337 338 339 340 341 342 343 344 345 346 347 348 349 350 351 352 353 354 355 356 357 358 359 </p>
        </polylist>
      </mesh>
    </geometry>
  </library_geometries>
  <library_controllers>
  </library_controllers>
  <library_visual_scenes>
    <visual_scene id="empty_2" name="empty_2">
      <node id="gWTree_lp_11" name="g Tree_lp_11" type="NODE">
        <matrix sid="matrix">1 0 0 0 0 1 0 0 0 0 1 0 0 0 0 1</matrix>
        <instance_geometry url="#meshesQ0S-0">
          <bind_material>
            <technique_common>
              <instance_material symbol="defaultMaterial" target="#Bark">
                <bind_vertex_input semantic="CHANNEL0" input_semantic="TEXCOORD" input_set="0"/>
              </instance_material>
            </technique_common>
          </bind_material>
        </instance_geometry>
        <instance_geometry url="#meshesQ0S-1">
          <bind_material>
            <technique_common>
              <instance_material symbol="defaultMaterial" target="#Tree">
                <bind_vertex_input semantic="CHANNEL0" input_semantic="TEXCOORD" input_set="0"/>
              </instance_material>
            </technique_common>
          </bind_material>
        </instance_geometry>
      </node>
    </visual_scene>
  </library_visual_scenes>
  <scene>
    <instance_visual_scene url="#empty_2" />
  </scene>
</COLLADA>
